Run,ReleaseDate,LoadDate,spots,bases,spots_with_mates,avgLength,size_MB,AssemblyName,download_path,Experiment,LibraryName,LibraryStrategy,LibrarySelection,LibrarySource,LibraryLayout,InsertSize,InsertDev,Platform,Model,SRAStudy,BioProject,Study_Pubmed_id,ProjectID,Sample,BioSample,SampleType,TaxID,ScientificName,SampleName,g1k_pop_code,source,g1k_analysis_group,Subject_ID,Sex,Disease,Tumor,Affection_Status,Analyte_Type,Histological_Type,Body_Site,CenterName,Submission,dbgap_study_accession,Consent,RunHash,ReadHash
SRR13060084,2020-11-14 10:24:18,2020-11-14 10:18:07,40956,15563280,40956,380,10,,https://sra-downloadb.be-md.ncbi.nlm.nih.gov/sos3/sra-pub-zq-24/SRR013/13060/SRR13060084/SRR13060084.lite.1,SRX9508531,M00175:A20.2.30_16S,AMPLICON,PCR,METAGENOMIC,PAIRED,0,0,ILLUMINA,Illumina MiSeq,SRP292558,PRJNA674880,,674880,SRS7717069,SAMN16679265,simple,408170,human gut metagenome,A20.2.30_16S,,,,,,,no,,,,,WASHINGTON UNIVERSITY IN ST. LOUIS,SRA1155924,,public,B012F28B25A460959C469F99E61B96E6,ED78BE98806EEC04F35A87DF6365F661
SRR13060083,2020-11-14 10:24:18,2020-11-14 10:17:55,38758,14728040,38758,380,9,,https://sra-downloadb.be-md.ncbi.nlm.nih.gov/sos2/sra-pub-zq-18/SRR013/13060/SRR13060083/SRR13060083.lite.1,SRX9508532,M00175:A20.2.60_16S,AMPLICON,PCR,METAGENOMIC,PAIRED,0,0,ILLUMINA,Illumina MiSeq,SRP292558,PRJNA674880,,674880,SRS7717070,SAMN16679266,simple,408170,human gut metagenome,A20.2.60_16S,,,,,,,no,,,,,WASHINGTON UNIVERSITY IN ST. LOUIS,SRA1155924,,public,0E4CF8C40902E48CB2ABD14511051FFF,593628EB63C5D5BD90FF3790B211C555
SRR13060082,2020-11-14 10:24:18,2020-11-14 10:17:52,37188,14131440,37188,380,9,,https://sra-downloadb.be-md.ncbi.nlm.nih.gov/sos2/sra-pub-zq-18/SRR013/13060/SRR13060082/SRR13060082.lite.1,SRX9508533,M00175:A20.2.7_16S,AMPLICON,PCR,METAGENOMIC,PAIRED,0,0,ILLUMINA,Illumina MiSeq,SRP292558,PRJNA674880,,674880,SRS7717071,SAMN16679267,simple,408170,human gut metagenome,A20.2.7_16S,,,,,,,no,,,,,WASHINGTON UNIVERSITY IN ST. LOUIS,SRA1155924,,public,A81346DEC4AE1F307744F9B5046CCA65,BF4A269A8D33F2AF185C9454B667B2E7
SRR13060081,2020-11-14 10:24:18,2020-11-14 10:18:07,50118,19044840,50118,380,12,,https://sra-downloadb.be-md.ncbi.nlm.nih.gov/sos3/sra-pub-zq-24/SRR013/13060/SRR13060081/SRR13060081.lite.1,SRX9508534,M00175:A20.2.90_16S,AMPLICON,PCR,METAGENOMIC,PAIRED,0,0,ILLUMINA,Illumina MiSeq,SRP292558,PRJNA674880,,674880,SRS7717072,SAMN16679268,simple,408170,human gut metagenome,A20.2.90_16S,,,,,,,no,,,,,WASHINGTON UNIVERSITY IN ST. LOUIS,SRA1155924,,public,5850A27AA00BAD6EC62114DA38741AA0,E72E28743CC7EEFB4B4E30C4349E217F
SRR13060080,2020-11-14 10:24:18,2020-11-14 10:18:01,43447,16509860,43447,380,11,,https://sra-downloadb.be-md.ncbi.nlm.nih.gov/sos3/sra-pub-zq-24/SRR013/13060/SRR13060080/SRR13060080.lite.1,SRX9508535,M00175:A21.1.180_16S,AMPLICON,PCR,METAGENOMIC,PAIRED,0,0,ILLUMINA,Illumina MiSeq,SRP292558,PRJNA674880,,674880,SRS7717073,SAMN16679269,simple,408170,human gut metagenome,A21.1.180_16S,,,,,,,no,,,,,WASHINGTON UNIVERSITY IN ST. LOUIS,SRA1155924,,public,1EF537F26FBBD9B119BB1CE9F12E3509,8A956A1F8836DEEE270410651B10D3D4
SRR13060086,2020-11-14 10:24:18,2020-11-14 10:19:12,2550092,698643669,2550092,273,274,,https://sra-downloadb.be-md.ncbi.nlm.nih.gov/sos3/sra-pub-zq-24/SRR013/13060/SRR13060086/SRR13060086.lite.1,SRX9508529,NS500153:4.13.DP_wgs,WGS,RANDOM,METAGENOMIC,PAIRED,0,0,ILLUMINA,Illumina HiSeq 2000,SRP292558,PRJNA674880,,674880,SRS7717067,SAMN16679011,simple,408170,human gut metagenome,4.13.DP_wgs,,,,,,,no,,,,,WASHINGTON UNIVERSITY IN ST. LOUIS,SRA1155924,,public,B573A9C801A97D0D9A39FB698DE06B0E,95DC326F53FB330F9FBC9ADDC3FC395B
SRR13060089,2020-11-14 10:24:18,2020-11-14 10:18:14,32693,12423340,32693,380,8,,https://sra-downloadb.be-md.ncbi.nlm.nih.gov/sos2/sra-pub-zq-18/SRR013/13060/SRR13060089/SRR13060089.lite.1,SRX9508526,M00175:A19.1.30_16S,AMPLICON,PCR,METAGENOMIC,PAIRED,0,0,ILLUMINA,Illumina MiSeq,SRP292558,PRJNA674880,,674880,SRS7717065,SAMN16679261,simple,408170,human gut metagenome,A19.1.30_16S,,,,,,,no,,,,,WASHINGTON UNIVERSITY IN ST. LOUIS,SRA1155924,,public,79158956E6AA345358A815537E7CEF96,80188D4415606BA59432FB3B2026987A
SRR13060088,2020-11-14 10:24:18,2020-11-14 10:18:03,37948,14420240,37948,380,9,,https://sra-downloadb.be-md.ncbi.nlm.nih.gov/sos2/sra-pub-zq-18/SRR013/13060/SRR13060088/SRR13060088.lite.1,SRX9508527,M00175:A19.1.60_16S,AMPLICON,PCR,METAGENOMIC,PAIRED,0,0,ILLUMINA,Illumina MiSeq,SRP292558,PRJNA674880,,674880,SRS7717064,SAMN16679262,simple,408170,human gut metagenome,A19.1.60_16S,,,,,,,no,,,,,WASHINGTON UNIVERSITY IN ST. LOUIS,SRA1155924,,public,5D3FDD484224C771AA2B50C52D3F827F,C03E7A42DAEA9D55AC12A4F01684874A
SRR13060087,2020-11-14 10:24:18,2020-11-14 10:18:06,41065,15604700,41065,380,10,,https://sra-downloadb.be-md.ncbi.nlm.nih.gov/sos3/sra-pub-zq-24/SRR013/13060/SRR13060087/SRR13060087.lite.1,SRX9508528,M00175:A19.1.7_16S,AMPLICON,PCR,METAGENOMIC,PAIRED,0,0,ILLUMINA,Illumina MiSeq,SRP292558,PRJNA674880,,674880,SRS7717066,SAMN16679263,simple,408170,human gut metagenome,A19.1.7_16S,,,,,,,no,,,,,WASHINGTON UNIVERSITY IN ST. LOUIS,SRA1155924,,public,9937F43CC507A7FC59E08FE305BE01AC,EE5C66F2B26168BA2C2B36A4526551E8
SRR13060085,2020-11-14 10:24:18,2020-11-14 10:18:02,31668,12033840,31668,380,8,,https://sra-downloadb.be-md.ncbi.nlm.nih.gov/sos2/sra-pub-zq-18/SRR013/13060/SRR13060085/SRR13060085.lite.1,SRX9508530,M00175:A20.1.7_16S,AMPLICON,PCR,METAGENOMIC,PAIRED,0,0,ILLUMINA,Illumina MiSeq,SRP292558,PRJNA674880,,674880,SRS7717068,SAMN16679264,simple,408170,human gut metagenome,A20.1.7_16S,,,,,,,no,,,,,WASHINGTON UNIVERSITY IN ST. LOUIS,SRA1155924,,public,9297EA284C493CAC0995FB3EC4569E21,D76F27832D3870A4E18A898CB315B502
SRR13060091,2020-11-14 10:24:17,2020-11-14 10:18:04,43644,16584720,43644,380,11,,https://sra-downloadb.be-md.ncbi.nlm.nih.gov/sos3/sra-pub-zq-22/SRR013/13060/SRR13060091/SRR13060091.lite.1,SRX9508524,M00175:A19.1.0_16S,AMPLICON,PCR,METAGENOMIC,PAIRED,0,0,ILLUMINA,Illumina MiSeq,SRP292558,PRJNA674880,,674880,SRS7717062,SAMN16679259,simple,408170,human gut metagenome,A19.1.0_16S,,,,,,,no,,,,,WASHINGTON UNIVERSITY IN ST. LOUIS,SRA1155924,,public,47E8975F07B42539B09F9E3F139C3504,7691DBD4A2C97671C98AB831EAA1345C
SRR13060090,2020-11-14 10:24:17,2020-11-14 10:18:02,38805,14745900,38805,380,9,,https://sra-downloadb.be-md.ncbi.nlm.nih.gov/sos2/sra-pub-zq-18/SRR013/13060/SRR13060090/SRR13060090.lite.1,SRX9508525,M00175:A19.1.180_16S,AMPLICON,PCR,METAGENOMIC,PAIRED,0,0,ILLUMINA,Illumina MiSeq,SRP292558,PRJNA674880,,674880,SRS7717063,SAMN16679260,simple,408170,human gut metagenome,A19.1.180_16S,,,,,,,no,,,,,WASHINGTON UNIVERSITY IN ST. LOUIS,SRA1155924,,public,981A66B0AB75AC276F7EB67E2F8E1087,359F326187790BD2A816FD5C9F9CB001
SRR13060094,2020-11-14 10:24:17,2020-11-14 10:19:08,1999026,599707800,1999026,300,249,,https://sra-downloadb.be-md.ncbi.nlm.nih.gov/sos3/sra-pub-zq-22/SRR013/13060/SRR13060094/SRR13060094.lite.1,SRX9508521,NB501065:S44,WGS,RANDOM,GENOMIC,PAIRED,0,0,ILLUMINA,NextSeq 500,SRP292558,PRJNA674880,,674880,SRS7717061,SAMN16679170,simple,408170,human gut metagenome,S44,,,,,,,no,,,,,WASHINGTON UNIVERSITY IN ST. LOUIS,SRA1155924,,public,1EBFD6D9A04111B1376112A6B223EC13,7719093FEDB85AF818073DD5335716A5
SRR13060093,2020-11-14 10:24:17,2020-11-14 10:19:28,2972428,891728361,2972428,299,376,,https://sra-downloadb.be-md.ncbi.nlm.nih.gov/sos3/sra-pub-zq-24/SRR013/13060/SRR13060093/SRR13060093.lite.1,SRX9508522,NB501065:S46,WGS,RANDOM,GENOMIC,PAIRED,0,0,ILLUMINA,NextSeq 500,SRP292558,PRJNA674880,,674880,SRS7717060,SAMN16679171,simple,408170,human gut metagenome,S46,,,,,,,no,,,,,WASHINGTON UNIVERSITY IN ST. LOUIS,SRA1155924,,public,09875AF3C5818766AAD41BAB8AEDB096,458489D598756C169AE6CBF6177FFEBA
SRR13060092,2020-11-14 10:24:17,2020-11-14 10:18:20,497097,149129035,497097,299,64,,https://sra-downloadb.be-md.ncbi.nlm.nih.gov/sos3/sra-pub-zq-24/SRR013/13060/SRR13060092/SRR13060092.lite.1,SRX9508523,NB501065:S5,WGS,RANDOM,GENOMIC,PAIRED,0,0,ILLUMINA,NextSeq 500,SRP292558,PRJNA674880,,674880,SRS7717059,SAMN16679172,simple,408170,human gut metagenome,S5,,,,,,,no,,,,,WASHINGTON UNIVERSITY IN ST. LOUIS,SRA1155924,,public,E7B36DD688693A5905DF4A42F89DABBC,E8583A3BABC2BB4DB5251F902FECC4E5
SRR13060099,2020-11-14 10:24:17,2020-11-14 10:19:07,1083199,324959700,1083199,300,134,,https://sra-downloadb.be-md.ncbi.nlm.nih.gov/sos3/sra-pub-zq-22/SRR013/13060/SRR13060099/SRR13060099.lite.1,SRX9508516,NB501065:S183,WGS,RANDOM,GENOMIC,PAIRED,0,0,ILLUMINA,NextSeq 500,SRP292558,PRJNA674880,,674880,SRS7717055,SAMN16679165,simple,408170,human gut metagenome,S183,,,,,,,no,,,,,WASHINGTON UNIVERSITY IN ST. LOUIS,SRA1155924,,public,AA60A35C9AB7721CF3B61583A8A8D6D1,FA0EA48355BA4F9CF6F4A73F63E75FD7
SRR13060098,2020-11-14 10:24:17,2020-11-14 10:18:43,888861,266658300,888861,300,111,,https://sra-downloadb.be-md.ncbi.nlm.nih.gov/sos3/sra-pub-zq-24/SRR013/13060/SRR13060098/SRR13060098.lite.1,SRX9508517,NB501065:S2,WGS,RANDOM,GENOMIC,PAIRED,0,0,ILLUMINA,NextSeq 500,SRP292558,PRJNA674880,,674880,SRS7717054,SAMN16679166,simple,408170,human gut metagenome,S2,,,,,,,no,,,,,WASHINGTON UNIVERSITY IN ST. LOUIS,SRA1155924,,public,0294F9061B38F1C596089242D7F0503C,6C24169AE270989538317B74F4D5CF86
SRR13060097,2020-11-14 10:24:17,2020-11-14 10:19:12,1906488,571946400,1906488,300,240,,https://sra-downloadb.be-md.ncbi.nlm.nih.gov/sos3/sra-pub-zq-24/SRR013/13060/SRR13060097/SRR13060097.lite.1,SRX9508518,NB501065:S22,WGS,RANDOM,GENOMIC,PAIRED,0,0,ILLUMINA,NextSeq 500,SRP292558,PRJNA674880,,674880,SRS7717056,SAMN16679167,simple,408170,human gut metagenome,S22,,,,,,,no,,,,,WASHINGTON UNIVERSITY IN ST. LOUIS,SRA1155924,,public,B107EF6D0D490182A3CE1DE7BD2F46D1,58D2675DDE9FA9E620B3853F5253BF63
SRR13060096,2020-11-14 10:24:17,2020-11-14 10:21:24,2536733,761019900,2536733,300,322,,https://sra-downloadb.be-md.ncbi.nlm.nih.gov/sos3/sra-pub-zq-22/SRR013/13060/SRR13060096/SRR13060096.lite.1,SRX9508519,NB501065:S29,WGS,RANDOM,GENOMIC,PAIRED,0,0,ILLUMINA,NextSeq 500,SRP292558,PRJNA674880,,674880,SRS7717057,SAMN16679168,simple,408170,human gut metagenome,S29,,,,,,,no,,,,,WASHINGTON UNIVERSITY IN ST. LOUIS,SRA1155924,,public,22FE079A59389370E9993C8093848274,98C79AD8F32628F18F4310ED1BA45DAB
SRR13060095,2020-11-14 10:24:17,2020-11-14 10:19:14,1370078,411023400,1370078,300,172,,https://sra-downloadb.be-md.ncbi.nlm.nih.gov/sos3/sra-pub-zq-22/SRR013/13060/SRR13060095/SRR13060095.lite.1,SRX9508520,NB501065:S32,WGS,RANDOM,GENOMIC,PAIRED,0,0,ILLUMINA,NextSeq 500,SRP292558,PRJNA674880,,674880,SRS7717058,SAMN16679169,simple,408170,human gut metagenome,S32,,,,,,,no,,,,,WASHINGTON UNIVERSITY IN ST. LOUIS,SRA1155924,,public,4A93BD82C5567C7304731CE7FD097241,DFC385DE808E193CE5EB3F68679B414B
SRR13060101,2020-11-14 10:24:17,2020-11-14 10:19:41,2675168,735060774,2675168,274,285,,https://sra-downloadb.be-md.ncbi.nlm.nih.gov/sos3/sra-pub-zq-24/SRR013/13060/SRR13060101/SRR13060101.lite.1,SRX9508514,NS500153:3.5.DP_wgs,WGS,RANDOM,METAGENOMIC,PAIRED,0,0,ILLUMINA,Illumina HiSeq 2000,SRP292558,PRJNA674880,,674880,SRS7717052,SAMN16679001,simple,408170,human gut metagenome,3.5.DP_wgs,,,,,,,no,,,,,WASHINGTON UNIVERSITY IN ST. LOUIS,SRA1155924,,public,FE1D302ADE832E3515A179034B1FD12F,0E42B401B8E923EBFD09D0727DA81B43
SRR13060104,2020-11-14 10:24:17,2020-11-14 10:18:42,1164161,349248300,1164161,300,142,,https://sra-downloadb.be-md.ncbi.nlm.nih.gov/sos3/sra-pub-zq-24/SRR013/13060/SRR13060104/SRR13060104.lite.1,SRX9508511,NB501065:S173,WGS,RANDOM,GENOMIC,PAIRED,0,0,ILLUMINA,NextSeq 500,SRP292558,PRJNA674880,,674880,SRS7717050,SAMN16679161,simple,408170,human gut metagenome,S173,,,,,,,no,,,,,WASHINGTON UNIVERSITY IN ST. LOUIS,SRA1155924,,public,0AAE3FF648A745A57846B3F086DDDFB9,DBE7B47EED67E83E9DC2DCBFFE0A3A49
SRR13060103,2020-11-14 10:24:17,2020-11-14 10:19:11,1892383,567714900,1892383,300,232,,https://sra-downloadb.be-md.ncbi.nlm.nih.gov/sos3/sra-pub-zq-24/SRR013/13060/SRR13060103/SRR13060103.lite.1,SRX9508512,NB501065:S177,WGS,RANDOM,GENOMIC,PAIRED,0,0,ILLUMINA,NextSeq 500,SRP292558,PRJNA674880,,674880,SRS7717049,SAMN16679162,simple,408170,human gut metagenome,S177,,,,,,,no,,,,,WASHINGTON UNIVERSITY IN ST. LOUIS,SRA1155924,,public,C38C5B42DD8BC84837EAB6945CFD5B09,A7C24DB5173B5E9A3E046673C95128BC
SRR13060102,2020-11-14 10:24:17,2020-11-14 10:18:52,892124,267637200,892124,300,112,,https://sra-downloadb.be-md.ncbi.nlm.nih.gov/sos3/sra-pub-zq-22/SRR013/13060/SRR13060102/SRR13060102.lite.1,SRX9508513,NB501065:S18,WGS,RANDOM,GENOMIC,PAIRED,0,0,ILLUMINA,NextSeq 500,SRP292558,PRJNA674880,,674880,SRS7717051,SAMN16679163,simple,408170,human gut metagenome,S18,,,,,,,no,,,,,WASHINGTON UNIVERSITY IN ST. LOUIS,SRA1155924,,public,7C475D7221B98839C2CDE8A74D0525FA,1B1AA2B8BEA628CC653D0786B7149DFC
SRR13060100,2020-11-14 10:24:17,2020-11-14 10:19:11,1068100,320430000,1068100,300,132,,https://sra-downloadb.be-md.ncbi.nlm.nih.gov/sos3/sra-pub-zq-24/SRR013/13060/SRR13060100/SRR13060100.lite.1,SRX9508515,NB501065:S181,WGS,RANDOM,GENOMIC,PAIRED,0,0,ILLUMINA,NextSeq 500,SRP292558,PRJNA674880,,674880,SRS7717053,SAMN16679164,simple,408170,human gut metagenome,S181,,,,,,,no,,,,,WASHINGTON UNIVERSITY IN ST. LOUIS,SRA1155924,,public,246DBEE14C84DDDDFA78A7B0377A9EA1,4C2CC712E8A48CBC6D82148F9CC84C77
SRR13060109,2020-11-14 10:24:17,2020-11-14 10:19:44,1418545,425563500,1418545,300,175,,https://sra-downloadb.be-md.ncbi.nlm.nih.gov/sos3/sra-pub-zq-24/SRR013/13060/SRR13060109/SRR13060109.lite.1,SRX9508506,NB501065:S159,WGS,RANDOM,GENOMIC,PAIRED,0,0,ILLUMINA,NextSeq 500,SRP292558,PRJNA674880,,674880,SRS7717044,SAMN16679156,simple,408170,human gut metagenome,S159,,,,,,,no,,,,,WASHINGTON UNIVERSITY IN ST. LOUIS,SRA1155924,,public,EAED72D17E2693668B2F580F59774F85,1ED167F88ECB1C0ED6DC772108257483
SRR13060108,2020-11-14 10:24:17,2020-11-14 10:19:04,1506007,451802100,1506007,300,186,,https://sra-downloadb.be-md.ncbi.nlm.nih.gov/sos3/sra-pub-zq-22/SRR013/13060/SRR13060108/SRR13060108.lite.1,SRX9508507,NB501065:S161,WGS,RANDOM,GENOMIC,PAIRED,0,0,ILLUMINA,NextSeq 500,SRP292558,PRJNA674880,,674880,SRS7717045,SAMN16679157,simple,408170,human gut metagenome,S161,,,,,,,no,,,,,WASHINGTON UNIVERSITY IN ST. LOUIS,SRA1155924,,public,0743E8DE9E667F617D28A99F9324277C,C258B257F8014E966CEA0798E7665003
SRR13060107,2020-11-14 10:24:17,2020-11-14 10:19:44,1607058,482117400,1607058,300,198,,https://sra-downloadb.be-md.ncbi.nlm.nih.gov/sos3/sra-pub-zq-24/SRR013/13060/SRR13060107/SRR13060107.lite.1,SRX9508508,NB501065:S163,WGS,RANDOM,GENOMIC,PAIRED,0,0,ILLUMINA,NextSeq 500,SRP292558,PRJNA674880,,674880,SRS7717048,SAMN16679158,simple,408170,human gut metagenome,S163,,,,,,,no,,,,,WASHINGTON UNIVERSITY IN ST. LOUIS,SRA1155924,,public,B9544DE0B88C71A1326C607250B5EAD7,DEE083DA04945979A05FA6AEE80530A7
SRR13060106,2020-11-14 10:24:17,2020-11-14 10:19:38,1780585,534175443,1780585,299,220,,https://sra-downloadb.be-md.ncbi.nlm.nih.gov/sos3/sra-pub-zq-24/SRR013/13060/SRR13060106/SRR13060106.lite.1,SRX9508509,NB501065:S165,WGS,RANDOM,GENOMIC,PAIRED,0,0,ILLUMINA,NextSeq 500,SRP292558,PRJNA674880,,674880,SRS7717047,SAMN16679159,simple,408170,human gut metagenome,S165,,,,,,,no,,,,,WASHINGTON UNIVERSITY IN ST. LOUIS,SRA1155924,,public,E989CAA8022FDCFCDACC06895B9A5E3C,E9E262CF27911C4CFA8C3147C29516CC
SRR13060105,2020-11-14 10:24:17,2020-11-14 10:19:16,1341656,402496800,1341656,300,163,,https://sra-downloadb.be-md.ncbi.nlm.nih.gov/sos3/sra-pub-zq-22/SRR013/13060/SRR13060105/SRR13060105.lite.1,SRX9508510,NB501065:S171,WGS,RANDOM,GENOMIC,PAIRED,0,0,ILLUMINA,NextSeq 500,SRP292558,PRJNA674880,,674880,SRS7717046,SAMN16679160,simple,408170,human gut metagenome,S171,,,,,,,no,,,,,WASHINGTON UNIVERSITY IN ST. LOUIS,SRA1155924,,public,8DFEA28BFAE19528D1EB03CFA4196DFE,40C667BC2CD5D32EB360081FB9BAFF45
SRR13060112,2020-11-14 10:50:50,2020-11-14 10:20:11,3333440,909818914,3333440,272,359,,https://sra-downloadb.be-md.ncbi.nlm.nih.gov/sos3/sra-pub-zq-24/SRR013/13060/SRR13060112/SRR13060112.lite.1,SRX9508503,NS500153:3.13.DS_wgs,WGS,RANDOM,METAGENOMIC,PAIRED,0,0,ILLUMINA,Illumina HiSeq 2000,SRP292558,PRJNA674880,,674880,SRS7717041,SAMN16679000,simple,408170,human gut metagenome,3.13.DS_wgs,,,,,,,no,,,,,WASHINGTON UNIVERSITY IN ST. LOUIS,SRA1155924,,public,C1BADFB3C31538D2EF61477193C40B62,DE7718FA8FAE1C02ADE650094F6B26B5
SRR13060114,2020-11-14 10:26:30,2020-11-14 10:23:31,6600658,1980197330,6600658,299,819,,https://sra-downloadb.be-md.ncbi.nlm.nih.gov/sos3/sra-pub-zq-22/SRR013/13060/SRR13060114/SRR13060114.lite.1,SRX9508501,NB501065:S145,WGS,RANDOM,GENOMIC,PAIRED,0,0,ILLUMINA,NextSeq 500,SRP292558,PRJNA674880,,674880,SRS7717038,SAMN16679152,simple,408170,human gut metagenome,S145,,,,,,,no,,,,,WASHINGTON UNIVERSITY IN ST. LOUIS,SRA1155924,,public,08301EE2FEAA15F9EE6692615DA1DDE7,E389E2D4BC18362BA9469AA8C61B1227
SRR13060113,2020-11-14 10:24:17,2020-11-14 10:19:35,1709923,512976900,1709923,300,208,,https://sra-downloadb.be-md.ncbi.nlm.nih.gov/sos3/sra-pub-zq-24/SRR013/13060/SRR13060113/SRR13060113.lite.1,SRX9508502,NB501065:S149,WGS,RANDOM,GENOMIC,PAIRED,0,0,ILLUMINA,NextSeq 500,SRP292558,PRJNA674880,,674880,SRS7717039,SAMN16679153,simple,408170,human gut metagenome,S149,,,,,,,no,,,,,WASHINGTON UNIVERSITY IN ST. LOUIS,SRA1155924,,public,1955684CC6F9EAE1DED01EA1D097868A,C4D346802C9A5304D9D9895B426B3EC5
SRR13060111,2020-11-14 10:24:17,2020-11-14 10:19:44,1879476,563842800,1879476,300,231,,https://sra-downloadb.be-md.ncbi.nlm.nih.gov/sos3/sra-pub-zq-24/SRR013/13060/SRR13060111/SRR13060111.lite.1,SRX9508504,NB501065:S153,WGS,RANDOM,GENOMIC,PAIRED,0,0,ILLUMINA,NextSeq 500,SRP292558,PRJNA674880,,674880,SRS7717042,SAMN16679154,simple,408170,human gut metagenome,S153,,,,,,,no,,,,,WASHINGTON UNIVERSITY IN ST. LOUIS,SRA1155924,,public,783976AB3F872BC4FA7F4E3D32AD3462,106874A769AB24E760D829D9F829ABBA
SRR13060110,2020-11-14 10:24:17,2020-11-14 10:19:06,1080197,324059100,1080197,300,133,,https://sra-downloadb.be-md.ncbi.nlm.nih.gov/sos3/sra-pub-zq-22/SRR013/13060/SRR13060110/SRR13060110.lite.1,SRX9508505,NB501065:S157,WGS,RANDOM,GENOMIC,PAIRED,0,0,ILLUMINA,NextSeq 500,SRP292558,PRJNA674880,,674880,SRS7717043,SAMN16679155,simple,408170,human gut metagenome,S157,,,,,,,no,,,,,WASHINGTON UNIVERSITY IN ST. LOUIS,SRA1155924,,public,1A806A8DE9B64F4A3FD98FF97D097276,3A3FCB7E1735F7D2EBD23FD486049408
SRR13060119,2020-11-14 10:24:17,2020-11-14 10:19:32,2154694,646408200,2154694,300,262,,https://sra-downloadb.be-md.ncbi.nlm.nih.gov/sos3/sra-pub-zq-24/SRR013/13060/SRR13060119/SRR13060119.lite.1,SRX9508496,NB501065:S125,WGS,RANDOM,GENOMIC,PAIRED,0,0,ILLUMINA,NextSeq 500,SRP292558,PRJNA674880,,674880,SRS7717035,SAMN16679147,simple,408170,human gut metagenome,S125,,,,,,,no,,,,,WASHINGTON UNIVERSITY IN ST. LOUIS,SRA1155924,,public,3F4D5350858E1DD3A7657FF8EC60A510,38666FFF06761E670BB8B199D47B2992
SRR13060118,2020-11-14 10:24:17,2020-11-14 10:19:15,1721846,516553773,1721846,299,210,,https://sra-downloadb.be-md.ncbi.nlm.nih.gov/sos3/sra-pub-zq-22/SRR013/13060/SRR13060118/SRR13060118.lite.1,SRX9508497,NB501065:S129,WGS,RANDOM,GENOMIC,PAIRED,0,0,ILLUMINA,NextSeq 500,SRP292558,PRJNA674880,,674880,SRS7717034,SAMN16679148,simple,408170,human gut metagenome,S129,,,,,,,no,,,,,WASHINGTON UNIVERSITY IN ST. LOUIS,SRA1155924,,public,417E1AC6579D35A4962AEE33622E7DBF,F725CC732400C8FD9874BD0182B199F6
SRR13060117,2020-11-14 10:24:17,2020-11-14 10:19:09,1771661,531498259,1771661,299,217,,https://sra-downloadb.be-md.ncbi.nlm.nih.gov/sos3/sra-pub-zq-22/SRR013/13060/SRR13060117/SRR13060117.lite.1,SRX9508498,NB501065:S131,WGS,RANDOM,GENOMIC,PAIRED,0,0,ILLUMINA,NextSeq 500,SRP292558,PRJNA674880,,674880,SRS7717036,SAMN16679149,simple,408170,human gut metagenome,S131,,,,,,,no,,,,,WASHINGTON UNIVERSITY IN ST. LOUIS,SRA1155924,,public,6A385CA0F1574FCBE18147F007F0045D,53B610A8B83603ABC41A907970DB2819
SRR13060116,2020-11-14 10:24:17,2020-11-14 10:19:13,1804163,541248900,1804163,300,222,,https://sra-downloadb.be-md.ncbi.nlm.nih.gov/sos3/sra-pub-zq-24/SRR013/13060/SRR13060116/SRR13060116.lite.1,SRX9508499,NB501065:S133,WGS,RANDOM,GENOMIC,PAIRED,0,0,ILLUMINA,NextSeq 500,SRP292558,PRJNA674880,,674880,SRS7717037,SAMN16679150,simple,408170,human gut metagenome,S133,,,,,,,no,,,,,WASHINGTON UNIVERSITY IN ST. LOUIS,SRA1155924,,public,05992A0090A3CCF5482D9E4147BC035D,BCEA973CD58B393D944EBAF0CC099016
SRR13060115,2020-11-14 10:24:17,2020-11-14 10:19:05,1605090,481527000,1605090,300,197,,https://sra-downloadb.be-md.ncbi.nlm.nih.gov/sos3/sra-pub-zq-22/SRR013/13060/SRR13060115/SRR13060115.lite.1,SRX9508500,NB501065:S141,WGS,RANDOM,GENOMIC,PAIRED,0,0,ILLUMINA,NextSeq 500,SRP292558,PRJNA674880,,674880,SRS7717040,SAMN16679151,simple,408170,human gut metagenome,S141,,,,,,,no,,,,,WASHINGTON UNIVERSITY IN ST. LOUIS,SRA1155924,,public,7625A7394EF5FA39642E6563E639B92A,5513B16BF863BAA2550EB90AF271BA82
SRR13060123,2020-11-14 10:24:16,2020-11-14 10:19:48,2600742,715130625,2600742,274,277,,https://sra-downloadb.be-md.ncbi.nlm.nih.gov/sos3/sra-pub-zq-24/SRR013/13060/SRR13060123/SRR13060123.lite.1,SRX9508492,NS500153:3.13.DP_wgs,WGS,RANDOM,METAGENOMIC,PAIRED,0,0,ILLUMINA,Illumina HiSeq 2000,SRP292558,PRJNA674880,,674880,SRS7717030,SAMN16678999,simple,408170,human gut metagenome,3.13.DP_wgs,,,,,,,no,,,,,WASHINGTON UNIVERSITY IN ST. LOUIS,SRA1155924,,public,1A36563C209758D442766A1D2F2A0798,11BD47FAAF34B8D879F5E4C543196C02
SRR13060124,2020-11-14 10:24:16,2020-11-14 10:20:02,1670387,501116100,1670387,300,204,,https://sra-downloadb.be-md.ncbi.nlm.nih.gov/sos3/sra-pub-zq-24/SRR013/13060/SRR13060124/SRR13060124.lite.1,SRX9508491,NB501065:S113,WGS,RANDOM,GENOMIC,PAIRED,0,0,ILLUMINA,NextSeq 500,SRP292558,PRJNA674880,,674880,SRS7717029,SAMN16679143,simple,408170,human gut metagenome,S113,,,,,,,no,,,,,WASHINGTON UNIVERSITY IN ST. LOUIS,SRA1155924,,public,49EA755D82E5F56C1D9CF79EE8FCD718,CA8412510F490BA79F59D816433554BC
SRR13060122,2020-11-14 10:24:16,2020-11-14 10:19:17,1161596,348478777,1161596,299,144,,https://sra-downloadb.be-md.ncbi.nlm.nih.gov/sos3/sra-pub-zq-22/SRR013/13060/SRR13060122/SRR13060122.lite.1,SRX9508493,NB501065:S115,WGS,RANDOM,GENOMIC,PAIRED,0,0,ILLUMINA,NextSeq 500,SRP292558,PRJNA674880,,674880,SRS7717032,SAMN16679144,simple,408170,human gut metagenome,S115,,,,,,,no,,,,,WASHINGTON UNIVERSITY IN ST. LOUIS,SRA1155924,,public,FE2EBBF1C8C23A2B7D825F6EFD84B90C,B91157ABE180B93A5BFFEDC18A4516BF
SRR13060121,2020-11-14 10:24:16,2020-11-14 10:20:15,2297370,689210729,2297370,299,286,,https://sra-downloadb.be-md.ncbi.nlm.nih.gov/sos3/sra-pub-zq-22/SRR013/13060/SRR13060121/SRR13060121.lite.1,SRX9508494,NB501065:S117,WGS,RANDOM,GENOMIC,PAIRED,0,0,ILLUMINA,NextSeq 500,SRP292558,PRJNA674880,,674880,SRS7717031,SAMN16679145,simple,408170,human gut metagenome,S117,,,,,,,no,,,,,WASHINGTON UNIVERSITY IN ST. LOUIS,SRA1155924,,public,41D3C1CB0BAFEF2577C27CB5A178B974,5FA4F45F997D552990D46443429E8E64
SRR13060120,2020-11-14 10:24:16,2020-11-14 10:19:40,1317790,395337000,1317790,300,164,,https://sra-downloadb.be-md.ncbi.nlm.nih.gov/sos3/sra-pub-zq-24/SRR013/13060/SRR13060120/SRR13060120.lite.1,SRX9508495,NB501065:S123,WGS,RANDOM,GENOMIC,PAIRED,0,0,ILLUMINA,NextSeq 500,SRP292558,PRJNA674880,,674880,SRS7717033,SAMN16679146,simple,408170,human gut metagenome,S123,,,,,,,no,,,,,WASHINGTON UNIVERSITY IN ST. LOUIS,SRA1155924,,public,20755FFCFDD4AF3ABC2DA40F459F73C0,78DBFCE2492E82D1D06D2DEC9F15C817
SRR13060129,2020-11-14 10:26:30,2020-11-14 10:22:40,8461687,2312493816,8461687,273,888,,https://sra-downloadb.be-md.ncbi.nlm.nih.gov/sos3/sra-pub-zq-24/SRR013/13060/SRR13060129/SRR13060129.lite.1,SRX9508486,NS500153:A9.1.7_wgs,WGS,RANDOM,METAGENOMIC,PAIRED,0,0,ILLUMINA,Illumina HiSeq 2000,SRP292558,PRJNA674880,,674880,SRS7717024,SAMN16679137,simple,408170,human gut metagenome,A9.1.7_wgs,,,,,,,no,,,,,WASHINGTON UNIVERSITY IN ST. LOUIS,SRA1155924,,public,D70CC3707B242662DFFF584D2E3E18BD,E54CA03846CEF8E4415688722C421E0B
SRR13060128,2020-11-14 10:24:16,2020-11-14 10:20:33,2156598,646979400,2156598,300,281,,https://sra-downloadb.be-md.ncbi.nlm.nih.gov/sos3/sra-pub-zq-24/SRR013/13060/SRR13060128/SRR13060128.lite.1,SRX9508487,NB501065:S10,WGS,RANDOM,GENOMIC,PAIRED,0,0,ILLUMINA,NextSeq 500,SRP292558,PRJNA674880,,674880,SRS7717025,SAMN16679139,simple,408170,human gut metagenome,S10,,,,,,,no,,,,,WASHINGTON UNIVERSITY IN ST. LOUIS,SRA1155924,,public,C23B62334A4047256EFAC41CEA31B25D,842EC4854A75D5516177EEDC87FE5794
SRR13060127,2020-11-14 10:24:16,2020-11-14 10:20:21,2302371,690711165,2302371,299,285,,https://sra-downloadb.be-md.ncbi.nlm.nih.gov/sos3/sra-pub-zq-24/SRR013/13060/SRR13060127/SRR13060127.lite.1,SRX9508488,NB501065:S101,WGS,RANDOM,GENOMIC,PAIRED,0,0,ILLUMINA,NextSeq 500,SRP292558,PRJNA674880,,674880,SRS7717026,SAMN16679140,simple,408170,human gut metagenome,S101,,,,,,,no,,,,,WASHINGTON UNIVERSITY IN ST. LOUIS,SRA1155924,,public,F2B5C845C91CDE91DE8C7F232B38BC74,496F9F09C634518AD47090001A009C94
SRR13060126,2020-11-14 10:52:45,2020-11-14 10:19:37,1464458,439337400,1464458,300,179,,https://sra-downloadb.be-md.ncbi.nlm.nih.gov/sos3/sra-pub-zq-24/SRR013/13060/SRR13060126/SRR13060126.lite.1,SRX9508489,NB501065:S105,WGS,RANDOM,GENOMIC,PAIRED,0,0,ILLUMINA,NextSeq 500,SRP292558,PRJNA674880,,674880,SRS7717027,SAMN16679141,simple,408170,human gut metagenome,S105,,,,,,,no,,,,,WASHINGTON UNIVERSITY IN ST. LOUIS,SRA1155924,,public,AC7FA01200517658718FFD3768ACA8BB,913B4E365899B07DD7A12834D987AF16
SRR13060125,2020-11-14 10:24:16,2020-11-14 10:19:22,1032340,309702000,1032340,300,126,,https://sra-downloadb.be-md.ncbi.nlm.nih.gov/sos3/sra-pub-zq-22/SRR013/13060/SRR13060125/SRR13060125.lite.1,SRX9508490,NB501065:S109,WGS,RANDOM,GENOMIC,PAIRED,0,0,ILLUMINA,NextSeq 500,SRP292558,PRJNA674880,,674880,SRS7717028,SAMN16679142,simple,408170,human gut metagenome,S109,,,,,,,no,,,,,WASHINGTON UNIVERSITY IN ST. LOUIS,SRA1155924,,public,34D2A8ABDE2A04CED556B6DD8FBBDC46,B6691E5BC517AD7D6B437243452DE1C2
SRR13060134,2020-11-14 10:24:16,2020-11-14 10:21:58,6300989,1714132119,6300989,272,677,,https://sra-downloadb.be-md.ncbi.nlm.nih.gov/sos3/sra-pub-zq-24/SRR013/13060/SRR13060134/SRR13060134.lite.1,SRX9508481,NS500153:3.12.DS_wgs,WGS,RANDOM,METAGENOMIC,PAIRED,0,0,ILLUMINA,Illumina HiSeq 2000,SRP292558,PRJNA674880,,674880,SRS7717019,SAMN16678998,simple,408170,human gut metagenome,3.12.DS_wgs,,,,,,,no,,,,,WASHINGTON UNIVERSITY IN ST. LOUIS,SRA1155924,,public,A9310290EFE3DA7319D0BD85CECDFD8C,E469197A9AAF6AF2152BE2D4697E9727
SRR13060133,2020-11-14 10:24:16,2020-11-14 10:22:06,6210541,1705634648,6210541,274,653,,https://sra-downloadb.be-md.ncbi.nlm.nih.gov/sos3/sra-pub-zq-24/SRR013/13060/SRR13060133/SRR13060133.lite.1,SRX9508482,NS500153:A9.1.0_wgs,WGS,RANDOM,METAGENOMIC,PAIRED,0,0,ILLUMINA,Illumina HiSeq 2000,SRP292558,PRJNA674880,,674880,SRS7717021,SAMN16679133,simple,408170,human gut metagenome,A9.1.0_wgs,,,,,,,no,,,,,WASHINGTON UNIVERSITY IN ST. LOUIS,SRA1155924,,public,3650A22C13511AF655513EC9CCF12A64,11A0E796C5FADC2BF9FB9F74F4468716
SRR13060132,2020-11-14 10:24:16,2020-11-14 10:19:10,1325555,363511317,1325555,274,140,,https://sra-downloadb.be-md.ncbi.nlm.nih.gov/sos3/sra-pub-zq-24/SRR013/13060/SRR13060132/SRR13060132.lite.1,SRX9508483,NS500153:A9.1.180_wgs,WGS,RANDOM,METAGENOMIC,PAIRED,0,0,ILLUMINA,Illumina HiSeq 2000,SRP292558,PRJNA674880,,674880,SRS7717020,SAMN16679134,simple,408170,human gut metagenome,A9.1.180_wgs,,,,,,,no,,,,,WASHINGTON UNIVERSITY IN ST. LOUIS,SRA1155924,,public,D9408E5B9922FBCB8B7DF72B33735E43,F8F8B82FDF774E819082F4B9D5577053
SRR13060131,2020-11-14 10:24:16,2020-11-14 10:21:43,5647759,1501736713,5647759,265,620,,https://sra-downloadb.be-md.ncbi.nlm.nih.gov/sos5/sra-pub-zq-16/SRR013/13060/SRR13060131/SRR13060131.lite.1,SRX9508484,NS500153:A9.1.30_wgs,WGS,RANDOM,METAGENOMIC,PAIRED,0,0,ILLUMINA,Illumina HiSeq 2000,SRP292558,PRJNA674880,,674880,SRS7717022,SAMN16679135,simple,408170,human gut metagenome,A9.1.30_wgs,,,,,,,no,,,,,WASHINGTON UNIVERSITY IN ST. LOUIS,SRA1155924,,public,3CD46E8768E31D8EEB5D451EB0A3B124,E4C4C5F5718903C6AB0DA4168CDAAC9F
SRR13060130,2020-11-14 10:24:16,2020-11-14 10:21:38,5766608,1564602552,5766608,271,624,,https://sra-downloadb.be-md.ncbi.nlm.nih.gov/sos3/sra-pub-zq-22/SRR013/13060/SRR13060130/SRR13060130.lite.1,SRX9508485,NS500153:A9.1.60_wgs,WGS,RANDOM,METAGENOMIC,PAIRED,0,0,ILLUMINA,Illumina HiSeq 2000,SRP292558,PRJNA674880,,674880,SRS7717023,SAMN16679136,simple,408170,human gut metagenome,A9.1.60_wgs,,,,,,,no,,,,,WASHINGTON UNIVERSITY IN ST. LOUIS,SRA1155924,,public,87F6F90701E6E5BB8B6BBEE5B744F2AA,DD3ACF1F7EEDF8822965D5D06A86C215
SRR13060139,2020-11-14 10:24:16,2020-11-14 10:21:26,6980526,1851290001,6980526,265,766,,https://sra-downloadb.be-md.ncbi.nlm.nih.gov/sos3/sra-pub-zq-24/SRR013/13060/SRR13060139/SRR13060139.lite.1,SRX9508476,NS500153:A8.1.0_wgs,WGS,RANDOM,METAGENOMIC,PAIRED,0,0,ILLUMINA,Illumina HiSeq 2000,SRP292558,PRJNA674880,,674880,SRS7717014,SAMN16679128,simple,408170,human gut metagenome,A8.1.0_wgs,,,,,,,no,,,,,WASHINGTON UNIVERSITY IN ST. LOUIS,SRA1155924,,public,A27EF29AD9A6567B9E4EC3D8E06A095E,004D18B63F2DC82492A5C054A4FB9CEA
SRR13060138,2020-11-14 10:26:30,2020-11-14 10:24:28,10183363,2799482781,10183363,274,1053,,https://sra-downloadb.be-md.ncbi.nlm.nih.gov/sos3/sra-pub-zq-24/SRR013/13060/SRR13060138/SRR13060138.lite.1,SRX9508477,NS500153:A8.1.7_wgs,WGS,RANDOM,METAGENOMIC,PAIRED,0,0,ILLUMINA,Illumina HiSeq 2000,SRP292558,PRJNA674880,,674880,SRS7717015,SAMN16679129,simple,408170,human gut metagenome,A8.1.7_wgs,,,,,,,no,,,,,WASHINGTON UNIVERSITY IN ST. LOUIS,SRA1155924,,public,BD3078E45FF48FE2A447C696E63F36AC,CF6925D05124AA119B38770B0080F818
SRR13060137,2020-11-14 10:54:44,2020-11-14 10:21:24,6872086,1860685821,6872086,270,736,,https://sra-downloadb.be-md.ncbi.nlm.nih.gov/sos3/sra-pub-zq-24/SRR013/13060/SRR13060137/SRR13060137.lite.1,SRX9508478,NS500153:A8.2.0_wgs,WGS,RANDOM,METAGENOMIC,PAIRED,0,0,ILLUMINA,Illumina HiSeq 2000,SRP292558,PRJNA674880,,674880,SRS7717016,SAMN16679130,simple,408170,human gut metagenome,A8.2.0_wgs,,,,,,,no,,,,,WASHINGTON UNIVERSITY IN ST. LOUIS,SRA1155924,,public,B72D919F4CCBBCE77FD95F8B3616BBBD,6DCE41A35DD6D2D02083B41A58326690
SRR13060136,2020-11-14 10:24:16,2020-11-14 10:22:21,6537729,1766631885,6537729,270,704,,https://sra-downloadb.be-md.ncbi.nlm.nih.gov/sos3/sra-pub-zq-24/SRR013/13060/SRR13060136/SRR13060136.lite.1,SRX9508479,NS500153:A8.2.30_wgs,WGS,RANDOM,METAGENOMIC,PAIRED,0,0,ILLUMINA,Illumina HiSeq 2000,SRP292558,PRJNA674880,,674880,SRS7717017,SAMN16679131,simple,408170,human gut metagenome,A8.2.30_wgs,,,,,,,no,,,,,WASHINGTON UNIVERSITY IN ST. LOUIS,SRA1155924,,public,3ECF1C63681D125A09E7B3F6E5DA37A5,9521FAD05754EF82EFDCD8FCE7972836
SRR13060135,2020-11-14 10:24:16,2020-11-14 10:21:54,5706951,1553551404,5706951,272,607,,https://sra-downloadb.be-md.ncbi.nlm.nih.gov/sos5/sra-pub-zq-16/SRR013/13060/SRR13060135/SRR13060135.lite.1,SRX9508480,NS500153:A8.2.60_wgs,WGS,RANDOM,METAGENOMIC,PAIRED,0,0,ILLUMINA,Illumina HiSeq 2000,SRP292558,PRJNA674880,,674880,SRS7717018,SAMN16679132,simple,408170,human gut metagenome,A8.2.60_wgs,,,,,,,no,,,,,WASHINGTON UNIVERSITY IN ST. LOUIS,SRA1155924,,public,81711218D136B22F3DA937105DD63DB8,44D98A11922792A386A20C16EEF84B40
SRR13060144,2020-11-14 10:24:16,2020-11-14 10:19:03,1170399,311027834,1170399,265,130,,https://sra-downloadb.be-md.ncbi.nlm.nih.gov/sos3/sra-pub-zq-22/SRR013/13060/SRR13060144/SRR13060144.lite.1,SRX9508471,NS500153:A7.2.180_wgs,WGS,RANDOM,METAGENOMIC,PAIRED,0,0,ILLUMINA,Illumina HiSeq 2000,SRP292558,PRJNA674880,,674880,SRS7717008,SAMN16679123,simple,408170,human gut metagenome,A7.2.180_wgs,,,,,,,no,,,,,WASHINGTON UNIVERSITY IN ST. LOUIS,SRA1155924,,public,9F51B93F25B0250002D7FF186F2E558F,26BBC5FA6EAED132C2CB067FD561C395
SRR13060143,2020-11-14 10:24:16,2020-11-14 10:20:26,3387381,924907478,3387381,273,364,,https://sra-downloadb.be-md.ncbi.nlm.nih.gov/sos3/sra-pub-zq-24/SRR013/13060/SRR13060143/SRR13060143.lite.1,SRX9508472,NS500153:A7.2.30_wgs,WGS,RANDOM,METAGENOMIC,PAIRED,0,0,ILLUMINA,Illumina HiSeq 2000,SRP292558,PRJNA674880,,674880,SRS7717010,SAMN16679124,simple,408170,human gut metagenome,A7.2.30_wgs,,,,,,,no,,,,,WASHINGTON UNIVERSITY IN ST. LOUIS,SRA1155924,,public,44200499452321979A536A8D4DC4726D,9BC07BB570B2F43A80797880301A53A2
SRR13060142,2020-11-14 10:24:16,2020-11-14 10:18:43,444939,121613779,444939,273,47,,https://sra-downloadb.be-md.ncbi.nlm.nih.gov/sos3/sra-pub-zq-24/SRR013/13060/SRR13060142/SRR13060142.lite.1,SRX9508473,NS500153:A7.2.60_wgs,WGS,RANDOM,METAGENOMIC,PAIRED,0,0,ILLUMINA,Illumina HiSeq 2000,SRP292558,PRJNA674880,,674880,SRS7717011,SAMN16679125,simple,408170,human gut metagenome,A7.2.60_wgs,,,,,,,no,,,,,WASHINGTON UNIVERSITY IN ST. LOUIS,SRA1155924,,public,EE623B05750EB3C293E9ABD4E4548EC3,6B480248AB7D8BFACAA8BAA6F6294B97
SRR13060141,2020-11-14 10:24:16,2020-11-14 10:20:23,3384423,921688397,3384423,272,364,,https://sra-downloadb.be-md.ncbi.nlm.nih.gov/sos3/sra-pub-zq-24/SRR013/13060/SRR13060141/SRR13060141.lite.1,SRX9508474,NS500153:A7.2.7_wgs,WGS,RANDOM,METAGENOMIC,PAIRED,0,0,ILLUMINA,Illumina HiSeq 2000,SRP292558,PRJNA674880,,674880,SRS7717013,SAMN16679126,simple,408170,human gut metagenome,A7.2.7_wgs,,,,,,,no,,,,,WASHINGTON UNIVERSITY IN ST. LOUIS,SRA1155924,,public,D70DD3C83A2B4A7BDF27D823DA287B6D,16DA79EDA3B1A4DB7CF58018BA20F1AE
SRR13060140,2020-11-14 10:24:16,2020-11-14 10:20:28,4431302,1206358918,4431302,272,469,,https://sra-downloadb.be-md.ncbi.nlm.nih.gov/sos3/sra-pub-zq-24/SRR013/13060/SRR13060140/SRR13060140.lite.1,SRX9508475,NS500153:A7.2.90_wgs,WGS,RANDOM,METAGENOMIC,PAIRED,0,0,ILLUMINA,Illumina HiSeq 2000,SRP292558,PRJNA674880,,674880,SRS7717012,SAMN16679127,simple,408170,human gut metagenome,A7.2.90_wgs,,,,,,,no,,,,,WASHINGTON UNIVERSITY IN ST. LOUIS,SRA1155924,,public,14BF08FAB9E48D1BDF88D3DEFB4FAD23,71408CCE8BC1310DFAA5F6CE293D363B
SRR13060145,2020-11-14 10:24:16,2020-11-14 10:21:53,7245719,1996120540,7245719,275,760,,https://sra-downloadb.be-md.ncbi.nlm.nih.gov/sos3/sra-pub-zq-22/SRR013/13060/SRR13060145/SRR13060145.lite.1,SRX9508470,NS500153:3.12.DP_wgs,WGS,RANDOM,METAGENOMIC,PAIRED,0,0,ILLUMINA,Illumina HiSeq 2000,SRP292558,PRJNA674880,,674880,SRS7717009,SAMN16678997,simple,408170,human gut metagenome,3.12.DP_wgs,,,,,,,no,,,,,WASHINGTON UNIVERSITY IN ST. LOUIS,SRA1155924,,public,33D31A1D0F80F480469487B33A890FC7,AE8BF1F2DC5CD613900CE54171077350
SRR13060149,2020-11-14 10:24:16,2020-11-14 10:19:30,1897578,511462178,1897578,269,204,,https://sra-downloadb.be-md.ncbi.nlm.nih.gov/sos3/sra-pub-zq-24/SRR013/13060/SRR13060149/SRR13060149.lite.1,SRX9508466,NS500153:A6.1.30_wgs,WGS,RANDOM,METAGENOMIC,PAIRED,0,0,ILLUMINA,Illumina HiSeq 2000,SRP292558,PRJNA674880,,674880,SRS7717003,SAMN16679119,simple,408170,human gut metagenome,A6.1.30_wgs,,,,,,,no,,,,,WASHINGTON UNIVERSITY IN ST. LOUIS,SRA1155924,,public,3F626DD826C2B55FD7C1CED86F76267B,6EF5C1CBEF1DC6048DC7FCF25D2A3496
SRR13060148,2020-11-14 10:24:16,2020-11-14 10:20:59,4352993,1177221641,4352993,270,470,,https://sra-downloadb.be-md.ncbi.nlm.nih.gov/sos3/sra-pub-zq-24/SRR013/13060/SRR13060148/SRR13060148.lite.1,SRX9508467,NS500153:A6.1.60_wgs,WGS,RANDOM,METAGENOMIC,PAIRED,0,0,ILLUMINA,Illumina HiSeq 2000,SRP292558,PRJNA674880,,674880,SRS7717005,SAMN16679120,simple,408170,human gut metagenome,A6.1.60_wgs,,,,,,,no,,,,,WASHINGTON UNIVERSITY IN ST. LOUIS,SRA1155924,,public,A66ADA77290DFB75C05A2D467915DE37,932B267EC5D1D092E8C8739FBD9A1628
SRR13060147,2020-11-14 10:24:16,2020-11-14 10:19:46,2800835,766822367,2800835,273,301,,https://sra-downloadb.be-md.ncbi.nlm.nih.gov/sos3/sra-pub-zq-24/SRR013/13060/SRR13060147/SRR13060147.lite.1,SRX9508468,NS500153:A7.1.7_wgs,WGS,RANDOM,METAGENOMIC,PAIRED,0,0,ILLUMINA,Illumina HiSeq 2000,SRP292558,PRJNA674880,,674880,SRS7717006,SAMN16679121,simple,408170,human gut metagenome,A7.1.7_wgs,,,,,,,no,,,,,WASHINGTON UNIVERSITY IN ST. LOUIS,SRA1155924,,public,FDE457ABF962CA3273C5E7BAC3A2BA89,7CED59193216686F6D6F83B43B396CE8
SRR13060146,2020-11-14 10:24:16,2020-11-14 10:19:30,2518029,690381069,2518029,274,269,,https://sra-downloadb.be-md.ncbi.nlm.nih.gov/sos3/sra-pub-zq-24/SRR013/13060/SRR13060146/SRR13060146.lite.1,SRX9508469,NS500153:A7.2.0_wgs,WGS,RANDOM,METAGENOMIC,PAIRED,0,0,ILLUMINA,Illumina HiSeq 2000,SRP292558,PRJNA674880,,674880,SRS7717007,SAMN16679122,simple,408170,human gut metagenome,A7.2.0_wgs,,,,,,,no,,,,,WASHINGTON UNIVERSITY IN ST. LOUIS,SRA1155924,,public,EEFD7BE15D672DF29D6B857D82619258,F5696976EE094D5E942AF1CEB74F59A7
SRR13060154,2020-11-14 10:24:16,2020-11-14 10:19:19,1157083,314870768,1157083,272,127,,https://sra-downloadb.be-md.ncbi.nlm.nih.gov/sos3/sra-pub-zq-22/SRR013/13060/SRR13060154/SRR13060154.lite.1,SRX9508461,NS500153:A5.2.180_wgs,WGS,RANDOM,METAGENOMIC,PAIRED,0,0,ILLUMINA,Illumina HiSeq 2000,SRP292558,PRJNA674880,,674880,SRS7716999,SAMN16679114,simple,408170,human gut metagenome,A5.2.180_wgs,,,,,,,no,,,,,WASHINGTON UNIVERSITY IN ST. LOUIS,SRA1155924,,public,A72B3D6E6216A71C0E2BD7E703D14CF4,7CAFBCB6613367485FD59378389EB779
SRR13060153,2020-11-14 10:24:16,2020-11-14 10:19:05,805919,215480925,805919,267,89,,https://sra-downloadb.be-md.ncbi.nlm.nih.gov/sos3/sra-pub-zq-22/SRR013/13060/SRR13060153/SRR13060153.lite.1,SRX9508462,NS500153:A5.2.30_wgs,WGS,RANDOM,METAGENOMIC,PAIRED,0,0,ILLUMINA,Illumina HiSeq 2000,SRP292558,PRJNA674880,,674880,SRS7717000,SAMN16679115,simple,408170,human gut metagenome,A5.2.30_wgs,,,,,,,no,,,,,WASHINGTON UNIVERSITY IN ST. LOUIS,SRA1155924,,public,C87DE3DED798FAC1B5BA289E270E8380,A816AA7B09B9AB208381BA69EAF6277C
SRR13060152,2020-11-14 10:24:16,2020-11-14 10:19:15,1714934,469358799,1714934,273,183,,https://sra-downloadb.be-md.ncbi.nlm.nih.gov/sos3/sra-pub-zq-22/SRR013/13060/SRR13060152/SRR13060152.lite.1,SRX9508463,NS500153:A5.2.7_wgs,WGS,RANDOM,METAGENOMIC,PAIRED,0,0,ILLUMINA,Illumina HiSeq 2000,SRP292558,PRJNA674880,,674880,SRS7717001,SAMN16679116,simple,408170,human gut metagenome,A5.2.7_wgs,,,,,,,no,,,,,WASHINGTON UNIVERSITY IN ST. LOUIS,SRA1155924,,public,9215C116922091CC6D3DEBFBDDB6FA48,3DC55C82E3AC57C642303413E8A73168
SRR13060151,2020-11-14 10:24:16,2020-11-14 10:22:02,5984243,1651736895,5984243,276,626,,https://sra-downloadb.be-md.ncbi.nlm.nih.gov/sos3/sra-pub-zq-24/SRR013/13060/SRR13060151/SRR13060151.lite.1,SRX9508464,NS500153:A6.1.0_wgs,WGS,RANDOM,METAGENOMIC,PAIRED,0,0,ILLUMINA,Illumina HiSeq 2000,SRP292558,PRJNA674880,,674880,SRS7717002,SAMN16679117,simple,408170,human gut metagenome,A6.1.0_wgs,,,,,,,no,,,,,WASHINGTON UNIVERSITY IN ST. LOUIS,SRA1155924,,public,B5E2B45665A06E1AB1B7F0FEA263681C,1BE04C9423D379D9FA3080A3C755873C
SRR13060150,2020-11-14 10:24:16,2020-11-14 10:19:18,1331861,361209344,1331861,271,142,,https://sra-downloadb.be-md.ncbi.nlm.nih.gov/sos3/sra-pub-zq-22/SRR013/13060/SRR13060150/SRR13060150.lite.1,SRX9508465,NS500153:A6.1.180_wgs,WGS,RANDOM,METAGENOMIC,PAIRED,0,0,ILLUMINA,Illumina HiSeq 2000,SRP292558,PRJNA674880,,674880,SRS7717004,SAMN16679118,simple,408170,human gut metagenome,A6.1.180_wgs,,,,,,,no,,,,,WASHINGTON UNIVERSITY IN ST. LOUIS,SRA1155924,,public,217C7BF1FBCF529F25B2AD0F881C3718,9C409464B79C27A0FA47ECC8DF1341EC
SRR13060156,2020-11-14 10:24:16,2020-11-14 10:19:46,2772398,758810903,2772398,273,298,,https://sra-downloadb.be-md.ncbi.nlm.nih.gov/sos3/sra-pub-zq-24/SRR013/13060/SRR13060156/SRR13060156.lite.1,SRX9508459,NS500153:3.11.DS_wgs,WGS,RANDOM,METAGENOMIC,PAIRED,0,0,ILLUMINA,Illumina HiSeq 2000,SRP292558,PRJNA674880,,674880,SRS7716997,SAMN16678996,simple,408170,human gut metagenome,3.11.DS_wgs,,,,,,,no,,,,,WASHINGTON UNIVERSITY IN ST. LOUIS,SRA1155924,,public,343299B4A24960CFE46C125E30534EB2,BC09C0C5584A8738504227D56DD12CD6
SRR13060159,2020-11-14 10:24:16,2020-11-14 10:19:54,2063808,557606823,2063808,270,227,,https://sra-downloadb.be-md.ncbi.nlm.nih.gov/sos3/sra-pub-zq-24/SRR013/13060/SRR13060159/SRR13060159.lite.1,SRX9508456,NS500153:A4.2.30_wgs,WGS,RANDOM,METAGENOMIC,PAIRED,0,0,ILLUMINA,Illumina HiSeq 2000,SRP292558,PRJNA674880,,674880,SRS7716994,SAMN16679110,simple,408170,human gut metagenome,A4.2.30_wgs,,,,,,,no,,,,,WASHINGTON UNIVERSITY IN ST. LOUIS,SRA1155924,,public,423E7D4A503E644798B2ACC5FFE97E0E,75E3D9434A29D514FFB9BED1A82A6A83
SRR13060158,2020-11-14 10:24:16,2020-11-14 10:18:50,168710,45789840,168710,271,18,,https://sra-downloadb.be-md.ncbi.nlm.nih.gov/sos3/sra-pub-zq-22/SRR013/13060/SRR13060158/SRR13060158.lite.1,SRX9508457,NS500153:A4.2.60_wgs,WGS,RANDOM,METAGENOMIC,PAIRED,0,0,ILLUMINA,Illumina HiSeq 2000,SRP292558,PRJNA674880,,674880,SRS7716995,SAMN16679111,simple,408170,human gut metagenome,A4.2.60_wgs,,,,,,,no,,,,,WASHINGTON UNIVERSITY IN ST. LOUIS,SRA1155924,,public,8EBEE00EE200081B4865C52541CD3711,BC15D3D456B18772AFD7C46BBDC88901
SRR13060157,2020-11-14 10:24:16,2020-11-14 10:18:34,26646,7180658,26646,269,3,,https://sra-downloadb.be-md.ncbi.nlm.nih.gov/sos2/sra-pub-zq-18/SRR013/13060/SRR13060157/SRR13060157.lite.1,SRX9508458,NS500153:A4.2.7_wgs,WGS,RANDOM,METAGENOMIC,PAIRED,0,0,ILLUMINA,Illumina HiSeq 2000,SRP292558,PRJNA674880,,674880,SRS7716996,SAMN16679112,simple,408170,human gut metagenome,A4.2.7_wgs,,,,,,,no,,,,,WASHINGTON UNIVERSITY IN ST. LOUIS,SRA1155924,,public,3A8B424D3574426D00937AA7E1710131,A125C969A7B332FBBD9FD1DC919B4BC0
SRR13060155,2020-11-14 10:24:16,2020-11-14 10:19:35,1143892,311247041,1143892,272,124,,https://sra-downloadb.be-md.ncbi.nlm.nih.gov/sos3/sra-pub-zq-22/SRR013/13060/SRR13060155/SRR13060155.lite.1,SRX9508460,NS500153:A5.1.7_wgs,WGS,RANDOM,METAGENOMIC,PAIRED,0,0,ILLUMINA,Illumina HiSeq 2000,SRP292558,PRJNA674880,,674880,SRS7716998,SAMN16679113,simple,408170,human gut metagenome,A5.1.7_wgs,,,,,,,no,,,,,WASHINGTON UNIVERSITY IN ST. LOUIS,SRA1155924,,public,85037B0CF8A1454630ACBF756AD4D2B9,C4011F3639E79D3DC915EEF1F786F74C
SRR13060164,2020-11-14 10:24:16,2020-11-14 10:18:44,184621,50594534,184621,274,19,,https://sra-downloadb.be-md.ncbi.nlm.nih.gov/sos3/sra-pub-zq-24/SRR013/13060/SRR13060164/SRR13060164.lite.1,SRX9508451,NS500153:A3.2.180_wgs,WGS,RANDOM,METAGENOMIC,PAIRED,0,0,ILLUMINA,Illumina HiSeq 2000,SRP292558,PRJNA674880,,674880,SRS7716989,SAMN16679105,simple,408170,human gut metagenome,A3.2.180_wgs,,,,,,,no,,,,,WASHINGTON UNIVERSITY IN ST. LOUIS,SRA1155924,,public,74D80DA6B0DA2D3A7264080A7C15F592,275C247B6F945BF993378DE65B5B1C98
SRR13060163,2020-11-14 10:24:16,2020-11-14 10:19:38,2015207,540229229,2015207,268,223,,https://sra-downloadb.be-md.ncbi.nlm.nih.gov/sos3/sra-pub-zq-24/SRR013/13060/SRR13060163/SRR13060163.lite.1,SRX9508452,NS500153:A3.2.60_wgs,WGS,RANDOM,METAGENOMIC,PAIRED,0,0,ILLUMINA,Illumina HiSeq 2000,SRP292558,PRJNA674880,,674880,SRS7716991,SAMN16679106,simple,408170,human gut metagenome,A3.2.60_wgs,,,,,,,no,,,,,WASHINGTON UNIVERSITY IN ST. LOUIS,SRA1155924,,public,C344AE9EE85626546B2EBE2430F0577A,2CE64902D9E9E637E6FA0432666FE0C6
SRR13060162,2020-11-14 10:24:16,2020-11-14 10:19:10,1173556,315993062,1173556,269,129,,https://sra-downloadb.be-md.ncbi.nlm.nih.gov/sos3/sra-pub-zq-24/SRR013/13060/SRR13060162/SRR13060162.lite.1,SRX9508453,NS500153:A3.2.7_wgs,WGS,RANDOM,METAGENOMIC,PAIRED,0,0,ILLUMINA,Illumina HiSeq 2000,SRP292558,PRJNA674880,,674880,SRS7716990,SAMN16679107,simple,408170,human gut metagenome,A3.2.7_wgs,,,,,,,no,,,,,WASHINGTON UNIVERSITY IN ST. LOUIS,SRA1155924,,public,0B1F3E8161A164E631AFE14CA27F7B29,CBE9EF0CCF69F8A42A103DA63D40A4B7
SRR13060161,2020-11-14 10:24:16,2020-11-14 10:19:32,1220488,331691509,1220488,271,132,,https://sra-downloadb.be-md.ncbi.nlm.nih.gov/sos3/sra-pub-zq-24/SRR013/13060/SRR13060161/SRR13060161.lite.1,SRX9508454,NS500153:A4.1.0_wgs,WGS,RANDOM,METAGENOMIC,PAIRED,0,0,ILLUMINA,Illumina HiSeq 2000,SRP292558,PRJNA674880,,674880,SRS7716992,SAMN16679108,simple,408170,human gut metagenome,A4.1.0_wgs,,,,,,,no,,,,,WASHINGTON UNIVERSITY IN ST. LOUIS,SRA1155924,,public,A9A55A743CFDD8F31AE3ACADC3A6C669,2634A7C200C891275D478B9504AA98F4
SRR13060160,2020-11-14 10:24:16,2020-11-14 10:19:47,2315055,635045562,2315055,274,248,,https://sra-downloadb.be-md.ncbi.nlm.nih.gov/sos3/sra-pub-zq-24/SRR013/13060/SRR13060160/SRR13060160.lite.1,SRX9508455,NS500153:A4.1.7_wgs,WGS,RANDOM,METAGENOMIC,PAIRED,0,0,ILLUMINA,Illumina HiSeq 2000,SRP292558,PRJNA674880,,674880,SRS7716993,SAMN16679109,simple,408170,human gut metagenome,A4.1.7_wgs,,,,,,,no,,,,,WASHINGTON UNIVERSITY IN ST. LOUIS,SRA1155924,,public,66EC12EB66AD5C37DDC68E297CC484E0,06FD795A35110268E4F7C042B8AB35F1
SRR13060167,2020-11-14 10:24:16,2020-11-14 10:19:59,3217316,880814279,3217316,273,343,,https://sra-downloadb.be-md.ncbi.nlm.nih.gov/sos3/sra-pub-zq-24/SRR013/13060/SRR13060167/SRR13060167.lite.1,SRX9508448,NS500153:3.11.DP_wgs,WGS,RANDOM,METAGENOMIC,PAIRED,0,0,ILLUMINA,Illumina HiSeq 2000,SRP292558,PRJNA674880,,674880,SRS7716985,SAMN16678995,simple,408170,human gut metagenome,3.11.DP_wgs,,,,,,,no,,,,,WASHINGTON UNIVERSITY IN ST. LOUIS,SRA1155924,,public,794577CB8AA603CC89664013B31081FD,CB4B775BFCC78744A31BD83BC5942E03
SRR13060169,2020-11-14 10:24:15,2020-11-14 10:18:41,27572,7488149,27572,271,3,,https://sra-downloadb.be-md.ncbi.nlm.nih.gov/sos2/sra-pub-zq-18/SRR013/13060/SRR13060169/SRR13060169.lite.1,SRX9508446,NS500153:A2.2.7_wgs,WGS,RANDOM,METAGENOMIC,PAIRED,0,0,ILLUMINA,Illumina HiSeq 2000,SRP292558,PRJNA674880,,674880,SRS7716984,SAMN16679101,simple,408170,human gut metagenome,A2.2.7_wgs,,,,,,,no,,,,,WASHINGTON UNIVERSITY IN ST. LOUIS,SRA1155924,,public,A472A6D41B8EAD0A8EE8DD49A3EEC3C0,77170F0A0F4EA7285D39ABDBDC998F3F
SRR13060165,2020-11-14 10:24:16,2020-11-14 10:21:14,3001952,822827402,3001952,274,321,,https://sra-downloadb.be-md.ncbi.nlm.nih.gov/sos3/sra-pub-zq-22/SRR013/13060/SRR13060165/SRR13060165.lite.1,SRX9508450,NS500153:A3.1.7_wgs,WGS,RANDOM,METAGENOMIC,PAIRED,0,0,ILLUMINA,Illumina HiSeq 2000,SRP292558,PRJNA674880,,674880,SRS7716988,SAMN16679104,simple,408170,human gut metagenome,A3.1.7_wgs,,,,,,,no,,,,,WASHINGTON UNIVERSITY IN ST. LOUIS,SRA1155924,,public,93F81E1BFBF3C56478399E9E420439AA,C4831C9BF3AFA886305D6CA2435C6D08
SRR13060168,2020-11-14 10:24:15,2020-11-14 10:20:55,4018814,1101317361,4018814,274,431,,https://sra-downloadb.be-md.ncbi.nlm.nih.gov/sos3/sra-pub-zq-22/SRR013/13060/SRR13060168/SRR13060168.lite.1,SRX9508447,NS500153:A33.1.0_wgs,WGS,RANDOM,METAGENOMIC,PAIRED,0,0,ILLUMINA,Illumina HiSeq 2000,SRP292558,PRJNA674880,,674880,SRS7716986,SAMN16679102,simple,408170,human gut metagenome,A33.1.0_wgs,,,,,,,no,,,,,WASHINGTON UNIVERSITY IN ST. LOUIS,SRA1155924,,public,67813FEF71AB2625167749E6D242DB97,DCB9E7EC2916480C9EB6A7270B1E31D6
SRR13060166,2020-11-14 10:24:16,2020-11-14 10:19:31,1290048,353468643,1290048,273,138,,https://sra-downloadb.be-md.ncbi.nlm.nih.gov/sos3/sra-pub-zq-24/SRR013/13060/SRR13060166/SRR13060166.lite.1,SRX9508449,NS500153:A33.1.14_wgs,WGS,RANDOM,METAGENOMIC,PAIRED,0,0,ILLUMINA,Illumina HiSeq 2000,SRP292558,PRJNA674880,,674880,SRS7716987,SAMN16679103,simple,408170,human gut metagenome,A33.1.14_wgs,,,,,,,no,,,,,WASHINGTON UNIVERSITY IN ST. LOUIS,SRA1155924,,public,28D884847335EC9B04C398DF9F6C1A14,FCC680D160E4A34B941DFF64831DD42B
SRR13060171,2020-11-14 10:24:15,2020-11-14 10:20:11,2546786,695410480,2546786,273,275,,https://sra-downloadb.be-md.ncbi.nlm.nih.gov/sos3/sra-pub-zq-22/SRR013/13060/SRR13060171/SRR13060171.lite.1,SRX9508444,NS500153:A2.1.7_wgs,WGS,RANDOM,METAGENOMIC,PAIRED,0,0,ILLUMINA,Illumina HiSeq 2000,SRP292558,PRJNA674880,,674880,SRS7716982,SAMN16679099,simple,408170,human gut metagenome,A2.1.7_wgs,,,,,,,no,,,,,WASHINGTON UNIVERSITY IN ST. LOUIS,SRA1155924,,public,636536928ECFAE2F5E072ABA3264DB56,CFC8EE042BB70D3BAB7DF76A03391D53
SRR13060170,2020-11-14 10:24:15,2020-11-14 10:20:05,2353229,650465096,2353229,276,245,,https://sra-downloadb.be-md.ncbi.nlm.nih.gov/sos3/sra-pub-zq-24/SRR013/13060/SRR13060170/SRR13060170.lite.1,SRX9508445,NS500153:A2.2.60_wgs,WGS,RANDOM,METAGENOMIC,PAIRED,0,0,ILLUMINA,Illumina HiSeq 2000,SRP292558,PRJNA674880,,674880,SRS7716983,SAMN16679100,simple,408170,human gut metagenome,A2.2.60_wgs,,,,,,,no,,,,,WASHINGTON UNIVERSITY IN ST. LOUIS,SRA1155924,,public,52BF5FD465D742D75C061ECEC8B9EDE3,820D104DA46E1A64DD1DD3F350C1F748
SRR13060174,2020-11-14 10:24:15,2020-11-14 10:21:29,5988583,1638435315,5988583,273,639,,https://sra-downloadb.be-md.ncbi.nlm.nih.gov/sos5/sra-pub-zq-16/SRR013/13060/SRR13060174/SRR13060174.lite.1,SRX9508441,NS500153:A29.1.4_wgs,WGS,RANDOM,METAGENOMIC,PAIRED,0,0,ILLUMINA,Illumina HiSeq 2000,SRP292558,PRJNA674880,,674880,SRS7716979,SAMN16679096,simple,408170,human gut metagenome,A29.1.4_wgs,,,,,,,no,,,,,WASHINGTON UNIVERSITY IN ST. LOUIS,SRA1155924,,public,F6EED165A4560199B813999A78F50074,B1596D21AF0E3FAF8E01206E33905A26
SRR13060173,2020-11-14 10:24:15,2020-11-14 10:19:28,1165358,309766091,1165358,265,125,,https://sra-downloadb.be-md.ncbi.nlm.nih.gov/sos3/sra-pub-zq-24/SRR013/13060/SRR13060173/SRR13060173.lite.1,SRX9508442,NS500153:A29.1.60_wgs,WGS,RANDOM,METAGENOMIC,PAIRED,0,0,ILLUMINA,Illumina HiSeq 2000,SRP292558,PRJNA674880,,674880,SRS7716980,SAMN16679097,simple,408170,human gut metagenome,A29.1.60_wgs,,,,,,,no,,,,,WASHINGTON UNIVERSITY IN ST. LOUIS,SRA1155924,,public,B7622D13F887113C5481C5CE022A7337,EC14339B0CB08FAAFC83ABE06CF81F7E
SRR13060172,2020-11-14 10:26:30,2020-11-14 10:22:45,6890861,1880296836,6890861,272,738,,https://sra-downloadb.be-md.ncbi.nlm.nih.gov/sos3/sra-pub-zq-24/SRR013/13060/SRR13060172/SRR13060172.lite.1,SRX9508443,NS500153:A29.1.7_wgs,WGS,RANDOM,METAGENOMIC,PAIRED,0,0,ILLUMINA,Illumina HiSeq 2000,SRP292558,PRJNA674880,,674880,SRS7716981,SAMN16679098,simple,408170,human gut metagenome,A29.1.7_wgs,,,,,,,no,,,,,WASHINGTON UNIVERSITY IN ST. LOUIS,SRA1155924,,public,A1DD9E5F747F2D2D8BDB022C79A88BD9,E2BE42390600EEBE4E5DC29F28BA53A5
SRR13060178,2020-11-14 10:24:15,2020-11-14 10:21:34,4883668,1315467909,4883668,269,535,,https://sra-downloadb.be-md.ncbi.nlm.nih.gov/sos3/sra-pub-zq-22/SRR013/13060/SRR13060178/SRR13060178.lite.1,SRX9508437,NS500153:1.6.DS_wgs,WGS,RANDOM,METAGENOMIC,PAIRED,0,0,ILLUMINA,Illumina HiSeq 2000,SRP292558,PRJNA674880,,674880,SRS7716974,SAMN16678994,simple,408170,human gut metagenome,1.6.DS_wgs,,,,,,,no,,,,,WASHINGTON UNIVERSITY IN ST. LOUIS,SRA1155924,,public,A12168407AF97C9B0C821B3F9BB3F786,2791C761631E150936552FAB775FCE58
SRR13060179,2020-11-14 10:24:15,2020-11-14 10:19:56,1619910,433880916,1619910,267,174,,https://sra-downloadb.be-md.ncbi.nlm.nih.gov/sos3/sra-pub-zq-24/SRR013/13060/SRR13060179/SRR13060179.lite.1,SRX9508436,NS500153:A28.1.30_wgs,WGS,RANDOM,METAGENOMIC,PAIRED,0,0,ILLUMINA,Illumina HiSeq 2000,SRP292558,PRJNA674880,,674880,SRS7716975,SAMN16679092,simple,408170,human gut metagenome,A28.1.30_wgs,,,,,,,no,,,,,WASHINGTON UNIVERSITY IN ST. LOUIS,SRA1155924,,public,62DD173872AAF5C7203DFC9A6DDBDF53,14E8551792A06D1A604B3DE6C70C588C
SRR13060177,2020-11-14 10:24:15,2020-11-14 10:20:46,3464703,947229453,3464703,273,371,,https://sra-downloadb.be-md.ncbi.nlm.nih.gov/sos3/sra-pub-zq-24/SRR013/13060/SRR13060177/SRR13060177.lite.1,SRX9508438,NS500153:A28.1.60_wgs,WGS,RANDOM,METAGENOMIC,PAIRED,0,0,ILLUMINA,Illumina HiSeq 2000,SRP292558,PRJNA674880,,674880,SRS7716976,SAMN16679093,simple,408170,human gut metagenome,A28.1.60_wgs,,,,,,,no,,,,,WASHINGTON UNIVERSITY IN ST. LOUIS,SRA1155924,,public,5F9D154A5E6BE3AEAB5CCC9A34E7CE82,7C5BBFAE7A9DCF95E32C488B2EAD793F
SRR13060176,2020-11-14 10:24:15,2020-11-14 10:22:10,6764392,1833241530,6764392,271,735,,https://sra-downloadb.be-md.ncbi.nlm.nih.gov/sos3/sra-pub-zq-24/SRR013/13060/SRR13060176/SRR13060176.lite.1,SRX9508439,NS500153:A28.1.7_wgs,WGS,RANDOM,METAGENOMIC,PAIRED,0,0,ILLUMINA,Illumina HiSeq 2000,SRP292558,PRJNA674880,,674880,SRS7716978,SAMN16679094,simple,408170,human gut metagenome,A28.1.7_wgs,,,,,,,no,,,,,WASHINGTON UNIVERSITY IN ST. LOUIS,SRA1155924,,public,09AAFE35BB88A1527B4CD72ABCFF27FC,E39C6A94019054E64BCB75BD70696368
SRR13060175,2020-11-14 10:24:15,2020-11-14 10:21:12,5361519,1445707045,5361519,269,581,,https://sra-downloadb.be-md.ncbi.nlm.nih.gov/sos5/sra-pub-zq-16/SRR013/13060/SRR13060175/SRR13060175.lite.1,SRX9508440,NS500153:A29.1.180_wgs,WGS,RANDOM,METAGENOMIC,PAIRED,0,0,ILLUMINA,Illumina HiSeq 2000,SRP292558,PRJNA674880,,674880,SRS7716977,SAMN16679095,simple,408170,human gut metagenome,A29.1.180_wgs,,,,,,,no,,,,,WASHINGTON UNIVERSITY IN ST. LOUIS,SRA1155924,,public,68A474A0666233E4A7FFE6640528B7EC,49E599BC5D5FA0A6BCA8D7D69C44EE28
SRR13060184,2020-11-14 10:24:15,2020-11-14 10:19:23,1104242,298038685,1104242,269,116,,https://sra-downloadb.be-md.ncbi.nlm.nih.gov/sos3/sra-pub-zq-22/SRR013/13060/SRR13060184/SRR13060184.lite.1,SRX9508431,NS500153:A26.1.7_wgs,WGS,RANDOM,METAGENOMIC,PAIRED,0,0,ILLUMINA,Illumina HiSeq 2000,SRP292558,PRJNA674880,,674880,SRS7716968,SAMN16679087,simple,408170,human gut metagenome,A26.1.7_wgs,,,,,,,no,,,,,WASHINGTON UNIVERSITY IN ST. LOUIS,SRA1155924,,public,5CE5E6B5EAE6ED0608DA5B57E61327AE,953ADF26E5B88B6F12B733B92DEA6E92
SRR13060183,2020-11-14 10:24:15,2020-11-14 10:21:48,5341426,1448745114,5341426,271,570,,https://sra-downloadb.be-md.ncbi.nlm.nih.gov/sos3/sra-pub-zq-22/SRR013/13060/SRR13060183/SRR13060183.lite.1,SRX9508432,NS500153:A27.1.0_wgs,WGS,RANDOM,METAGENOMIC,PAIRED,0,0,ILLUMINA,Illumina HiSeq 2000,SRP292558,PRJNA674880,,674880,SRS7716970,SAMN16679088,simple,408170,human gut metagenome,A27.1.0_wgs,,,,,,,no,,,,,WASHINGTON UNIVERSITY IN ST. LOUIS,SRA1155924,,public,E15F5D805D9E1F92D4F5BFD4068258A6,763BBCF91EEB64D57C9819975932C0EF
SRR13060182,2020-11-14 10:26:30,2020-11-14 10:22:35,6665274,1818871278,6665274,272,711,,https://sra-downloadb.be-md.ncbi.nlm.nih.gov/sos3/sra-pub-zq-24/SRR013/13060/SRR13060182/SRR13060182.lite.1,SRX9508433,NS500153:A27.1.30_wgs,WGS,RANDOM,METAGENOMIC,PAIRED,0,0,ILLUMINA,Illumina HiSeq 2000,SRP292558,PRJNA674880,,674880,SRS7716972,SAMN16679089,simple,408170,human gut metagenome,A27.1.30_wgs,,,,,,,no,,,,,WASHINGTON UNIVERSITY IN ST. LOUIS,SRA1155924,,public,1BC04015BF807334D9FE6A6AAFAD24E4,894D7993FAAF5C5E29E285286286CB3E
SRR13060181,2020-11-14 10:26:30,2020-11-14 10:23:53,7944748,2156102932,7944748,271,852,,https://sra-downloadb.be-md.ncbi.nlm.nih.gov/sos3/sra-pub-zq-22/SRR013/13060/SRR13060181/SRR13060181.lite.1,SRX9508434,NS500153:A27.1.7_wgs,WGS,RANDOM,METAGENOMIC,PAIRED,0,0,ILLUMINA,Illumina HiSeq 2000,SRP292558,PRJNA674880,,674880,SRS7716971,SAMN16679090,simple,408170,human gut metagenome,A27.1.7_wgs,,,,,,,no,,,,,WASHINGTON UNIVERSITY IN ST. LOUIS,SRA1155924,,public,4D33D4B96EAAF2F661A91B4196FC6A30,6F66FB6285508E3758CE89775B576124
SRR13060180,2020-11-14 10:26:30,2020-11-14 10:22:44,7378095,2012540342,7378095,272,784,,https://sra-downloadb.be-md.ncbi.nlm.nih.gov/sos3/sra-pub-zq-24/SRR013/13060/SRR13060180/SRR13060180.lite.1,SRX9508435,NS500153:A28.1.0_wgs,WGS,RANDOM,METAGENOMIC,PAIRED,0,0,ILLUMINA,Illumina HiSeq 2000,SRP292558,PRJNA674880,,674880,SRS7716973,SAMN16679091,simple,408170,human gut metagenome,A28.1.0_wgs,,,,,,,no,,,,,WASHINGTON UNIVERSITY IN ST. LOUIS,SRA1155924,,public,70AD52E8722F8DE9511D7E8455914E17,37CD469ABC1C959A86946D0300A32373
SRR13060189,2020-11-14 10:24:15,2020-11-14 10:19:17,42749,16244620,42749,380,10,,https://sra-downloadb.be-md.ncbi.nlm.nih.gov/sos3/sra-pub-zq-22/SRR013/13060/SRR13060189/SRR13060189.lite.1,SRX9508426,M00175:A11.1.180_16S,AMPLICON,PCR,METAGENOMIC,PAIRED,0,0,ILLUMINA,Illumina MiSeq,SRP292558,PRJNA674880,,674880,SRS7716963,SAMN16679228,simple,408170,human gut metagenome,A11.1.180_16S,,,,,,,no,,,,,WASHINGTON UNIVERSITY IN ST. LOUIS,SRA1155924,,public,3334EC4582EFE8110FFC61C79A1C3308,DCA98BE0491F6E1D79F84D9C10A9FFE7
SRR13060188,2020-11-14 10:24:15,2020-11-14 10:19:33,50684,19259920,50684,380,12,,https://sra-downloadb.be-md.ncbi.nlm.nih.gov/sos3/sra-pub-zq-24/SRR013/13060/SRR13060188/SRR13060188.lite.1,SRX9508427,M00175:A11.1.30_16S,AMPLICON,PCR,METAGENOMIC,PAIRED,0,0,ILLUMINA,Illumina MiSeq,SRP292558,PRJNA674880,,674880,SRS7716965,SAMN16679229,simple,408170,human gut metagenome,A11.1.30_16S,,,,,,,no,,,,,WASHINGTON UNIVERSITY IN ST. LOUIS,SRA1155924,,public,9FB61845DFA8C27098BD7C8B87C7F000,506155969AEB41BDC6D65CECE7566352
SRR13060187,2020-11-14 10:24:15,2020-11-14 10:20:22,3466039,940531258,3466039,271,372,,https://sra-downloadb.be-md.ncbi.nlm.nih.gov/sos3/sra-pub-zq-24/SRR013/13060/SRR13060187/SRR13060187.lite.1,SRX9508428,NS500153:A24.2.60_wgs,WGS,RANDOM,METAGENOMIC,PAIRED,0,0,ILLUMINA,Illumina HiSeq 2000,SRP292558,PRJNA674880,,674880,SRS7716966,SAMN16679084,simple,408170,human gut metagenome,A24.2.60_wgs,,,,,,,no,,,,,WASHINGTON UNIVERSITY IN ST. LOUIS,SRA1155924,,public,7FE8014308CD6F4E1C71F92A199607FC,5933CBD2B5C78C129B1A24990B57B00D
SRR13060186,2020-11-14 10:26:30,2020-11-14 10:23:28,8936066,2469745835,8936066,276,920,,https://sra-downloadb.be-md.ncbi.nlm.nih.gov/sos3/sra-pub-zq-22/SRR013/13060/SRR13060186/SRR13060186.lite.1,SRX9508429,NS500153:A24.2.7_wgs,WGS,RANDOM,METAGENOMIC,PAIRED,0,0,ILLUMINA,Illumina HiSeq 2000,SRP292558,PRJNA674880,,674880,SRS7716967,SAMN16679085,simple,408170,human gut metagenome,A24.2.7_wgs,,,,,,,no,,,,,WASHINGTON UNIVERSITY IN ST. LOUIS,SRA1155924,,public,C54654F45534F6A2C2B913B619002D80,2F6D9375357534C0C53A2F414087794D
SRR13060185,2020-11-14 10:54:44,2020-11-14 10:19:55,1768238,480834592,1768238,271,193,,https://sra-downloadb.be-md.ncbi.nlm.nih.gov/sos3/sra-pub-zq-24/SRR013/13060/SRR13060185/SRR13060185.lite.1,SRX9508430,NS500153:A26.1.60_wgs,WGS,RANDOM,METAGENOMIC,PAIRED,0,0,ILLUMINA,Illumina HiSeq 2000,SRP292558,PRJNA674880,,674880,SRS7716969,SAMN16679086,simple,408170,human gut metagenome,A26.1.60_wgs,,,,,,,no,,,,,WASHINGTON UNIVERSITY IN ST. LOUIS,SRA1155924,,public,FE9176E57562D94A6B30B2041BA9C2F7,573F0BB620EC350E74B7703F9AAA7295
SRR13060194,2020-11-14 10:24:15,2020-11-14 10:19:02,110042,28010414,110042,254,12,,https://sra-downloadb.be-md.ncbi.nlm.nih.gov/sos3/sra-pub-zq-22/SRR013/13060/SRR13060194/SRR13060194.lite.1,SRX9508421,NS500153:4.11.DP_wgs,WGS,RANDOM,METAGENOMIC,PAIRED,0,0,ILLUMINA,Illumina HiSeq 2000,SRP292558,PRJNA674880,,674880,SRS7716959,SAMN16679007,simple,408170,human gut metagenome,4.11.DP_wgs,,,,,,,no,,,,,WASHINGTON UNIVERSITY IN ST. LOUIS,SRA1155924,,public,CAD84E335846CCCF60CA16059B737F61,F4001DD4E6945C4A5BDA19B0B0F106C1
SRR13060193,2020-11-14 10:24:15,2020-11-14 10:19:03,38317,14560460,38317,380,9,,https://sra-downloadb.be-md.ncbi.nlm.nih.gov/sos2/sra-pub-zq-18/SRR013/13060/SRR13060193/SRR13060193.lite.1,SRX9508422,M00175:A10.2.0_16S,AMPLICON,PCR,METAGENOMIC,PAIRED,0,0,ILLUMINA,Illumina MiSeq,SRP292558,PRJNA674880,,674880,SRS7716961,SAMN16679224,simple,408170,human gut metagenome,A10.2.0_16S,,,,,,,no,,,,,WASHINGTON UNIVERSITY IN ST. LOUIS,SRA1155924,,public,F036B02A650CCF45F66011DA5122DA51,950376CF7B038F47A489504489EF50CB
SRR13060192,2020-11-14 10:24:15,2020-11-14 10:19:09,54727,20796260,54727,380,13,,https://sra-downloadb.be-md.ncbi.nlm.nih.gov/sos3/sra-pub-zq-22/SRR013/13060/SRR13060192/SRR13060192.lite.1,SRX9508423,M00175:A10.2.30_16S,AMPLICON,PCR,METAGENOMIC,PAIRED,0,0,ILLUMINA,Illumina MiSeq,SRP292558,PRJNA674880,,674880,SRS7716960,SAMN16679225,simple,408170,human gut metagenome,A10.2.30_16S,,,,,,,no,,,,,WASHINGTON UNIVERSITY IN ST. LOUIS,SRA1155924,,public,8DF4BCAF5071830C86382DB11C285449,C01B6821EF7E5D76B74762F180932E12
SRR13060191,2020-11-14 10:24:15,2020-11-14 10:18:58,21938,8336440,21938,380,5,,https://sra-downloadb.be-md.ncbi.nlm.nih.gov/sos2/sra-pub-zq-18/SRR013/13060/SRR13060191/SRR13060191.lite.1,SRX9508424,M00175:A10.2.7_16S,AMPLICON,PCR,METAGENOMIC,PAIRED,0,0,ILLUMINA,Illumina MiSeq,SRP292558,PRJNA674880,,674880,SRS7716962,SAMN16679226,simple,408170,human gut metagenome,A10.2.7_16S,,,,,,,no,,,,,WASHINGTON UNIVERSITY IN ST. LOUIS,SRA1155924,,public,4E48C83999EC601A7DA752FA3100A669,C128431D4BDE6F81CA7CD19824545E61
SRR13060190,2020-11-14 10:24:15,2020-11-14 10:18:55,16321,6201980,16321,380,4,,https://sra-downloadb.be-md.ncbi.nlm.nih.gov/sos2/sra-pub-zq-18/SRR013/13060/SRR13060190/SRR13060190.lite.1,SRX9508425,M00175:A11.1.0_16S,AMPLICON,PCR,METAGENOMIC,PAIRED,0,0,ILLUMINA,Illumina MiSeq,SRP292558,PRJNA674880,,674880,SRS7716964,SAMN16679227,simple,408170,human gut metagenome,A11.1.0_16S,,,,,,,no,,,,,WASHINGTON UNIVERSITY IN ST. LOUIS,SRA1155924,,public,09D701F8CFC17A8BA0AC34B6C2782BB9,5151BDF6490B5C56AC27433DCA19514B
SRR13060199,2020-11-14 10:24:15,2020-11-14 10:19:12,33538,12744440,33538,380,8,,https://sra-downloadb.be-md.ncbi.nlm.nih.gov/sos2/sra-pub-zq-18/SRR013/13060/SRR13060199/SRR13060199.lite.1,SRX9508416,M00175:5.3.DP_16S,AMPLICON,PCR,METAGENOMIC,PAIRED,0,0,ILLUMINA,Illumina MiSeq,SRP292558,PRJNA674880,,674880,SRS7716954,SAMN16679219,simple,408170,human gut metagenome,5.3.DP_16S,,,,,,,no,,,,,WASHINGTON UNIVERSITY IN ST. LOUIS,SRA1155924,,public,DF43611A8F621C57E666B715AEEBF93D,16A343012B42E9BC565A741B6FD4B6AD
SRR13060198,2020-11-14 10:24:15,2020-11-14 10:19:11,35166,13363080,35166,380,8,,https://sra-downloadb.be-md.ncbi.nlm.nih.gov/sos2/sra-pub-zq-18/SRR013/13060/SRR13060198/SRR13060198.lite.1,SRX9508417,M00175:5.3.DS_16S,AMPLICON,PCR,METAGENOMIC,PAIRED,0,0,ILLUMINA,Illumina MiSeq,SRP292558,PRJNA674880,,674880,SRS7716955,SAMN16679220,simple,408170,human gut metagenome,5.3.DS_16S,,,,,,,no,,,,,WASHINGTON UNIVERSITY IN ST. LOUIS,SRA1155924,,public,45DCEEF74C1A5C0389128A4B98A5E6B6,433B9EAF47FFD5F6774DAB73090478CC
SRR13060197,2020-11-14 10:24:15,2020-11-14 10:19:10,29224,11105120,29224,380,7,,https://sra-downloadb.be-md.ncbi.nlm.nih.gov/sos2/sra-pub-zq-18/SRR013/13060/SRR13060197/SRR13060197.lite.1,SRX9508418,M00175:A10.1.0_16S,AMPLICON,PCR,METAGENOMIC,PAIRED,0,0,ILLUMINA,Illumina MiSeq,SRP292558,PRJNA674880,,674880,SRS7716956,SAMN16679221,simple,408170,human gut metagenome,A10.1.0_16S,,,,,,,no,,,,,WASHINGTON UNIVERSITY IN ST. LOUIS,SRA1155924,,public,B2C81F94614773E45AD5E1FB8AF2A2F2,9C7B26F23D6A520E729AD50535A0B175
SRR13060196,2020-11-14 10:24:15,2020-11-14 10:19:04,58150,22097000,58150,380,14,,https://sra-downloadb.be-md.ncbi.nlm.nih.gov/sos3/sra-pub-zq-22/SRR013/13060/SRR13060196/SRR13060196.lite.1,SRX9508419,M00175:A10.1.60_16S,AMPLICON,PCR,METAGENOMIC,PAIRED,0,0,ILLUMINA,Illumina MiSeq,SRP292558,PRJNA674880,,674880,SRS7716957,SAMN16679222,simple,408170,human gut metagenome,A10.1.60_16S,,,,,,,no,,,,,WASHINGTON UNIVERSITY IN ST. LOUIS,SRA1155924,,public,8060F460B8E6888892AA0D1B0ADB96D5,4AA6B9F6908D92E4758A253142116758
SRR13060195,2020-11-14 10:24:15,2020-11-14 10:19:08,47646,18105480,47646,380,12,,https://sra-downloadb.be-md.ncbi.nlm.nih.gov/sos3/sra-pub-zq-22/SRR013/13060/SRR13060195/SRR13060195.lite.1,SRX9508420,M00175:A10.1.7_16S,AMPLICON,PCR,METAGENOMIC,PAIRED,0,0,ILLUMINA,Illumina MiSeq,SRP292558,PRJNA674880,,674880,SRS7716958,SAMN16679223,simple,408170,human gut metagenome,A10.1.7_16S,,,,,,,no,,,,,WASHINGTON UNIVERSITY IN ST. LOUIS,SRA1155924,,public,A6C76EB8CD6EDCA4DF0BF6922AFE0EBB,271CF4432C9149129BE83C200F51F73A
SRR13060204,2020-11-14 10:50:50,2020-11-14 10:19:13,42684,16219920,42684,380,11,,https://sra-downloadb.be-md.ncbi.nlm.nih.gov/sos3/sra-pub-zq-24/SRR013/13060/SRR13060204/SRR13060204.lite.1,SRX9508411,M00175:4.8.DS_16S,AMPLICON,PCR,METAGENOMIC,PAIRED,0,0,ILLUMINA,Illumina MiSeq,SRP292558,PRJNA674880,,674880,SRS7716949,SAMN16679214,simple,408170,human gut metagenome,4.8.DS_16S,,,,,,,no,,,,,WASHINGTON UNIVERSITY IN ST. LOUIS,SRA1155924,,public,1BA2ED847D018F8B2D3C63DD74CDBD53,513E8F42C9301E04FD0FA81AE61A4DED
SRR13060203,2020-11-14 10:24:15,2020-11-14 10:19:13,49693,18883340,49693,380,12,,https://sra-downloadb.be-md.ncbi.nlm.nih.gov/sos3/sra-pub-zq-24/SRR013/13060/SRR13060203/SRR13060203.lite.1,SRX9508412,M00175:4.9.DP_16S,AMPLICON,PCR,METAGENOMIC,PAIRED,0,0,ILLUMINA,Illumina MiSeq,SRP292558,PRJNA674880,,674880,SRS7716951,SAMN16679215,simple,408170,human gut metagenome,4.9.DP_16S,,,,,,,no,,,,,WASHINGTON UNIVERSITY IN ST. LOUIS,SRA1155924,,public,5D17F645B8430F60BEF1018D48709AD4,54EFD2C155ED19F801D5C5D37A7E1CBF
SRR13060202,2020-11-14 10:24:15,2020-11-14 10:19:16,50699,19265620,50699,380,12,,https://sra-downloadb.be-md.ncbi.nlm.nih.gov/sos3/sra-pub-zq-22/SRR013/13060/SRR13060202/SRR13060202.lite.1,SRX9508413,M00175:4.9.DS_16S,AMPLICON,PCR,METAGENOMIC,PAIRED,0,0,ILLUMINA,Illumina MiSeq,SRP292558,PRJNA674880,,674880,SRS7716950,SAMN16679216,simple,408170,human gut metagenome,4.9.DS_16S,,,,,,,no,,,,,WASHINGTON UNIVERSITY IN ST. LOUIS,SRA1155924,,public,094D1501D6FE79510DCA2056BB039FFC,DD0D72ACAD6A1785929796DDC4283C67
SRR13060201,2020-11-14 10:24:15,2020-11-14 10:19:09,45271,17202980,45271,380,11,,https://sra-downloadb.be-md.ncbi.nlm.nih.gov/sos3/sra-pub-zq-22/SRR013/13060/SRR13060201/SRR13060201.lite.1,SRX9508414,M00175:5.2.DP_16S,AMPLICON,PCR,METAGENOMIC,PAIRED,0,0,ILLUMINA,Illumina MiSeq,SRP292558,PRJNA674880,,674880,SRS7716952,SAMN16679217,simple,408170,human gut metagenome,5.2.DP_16S,,,,,,,no,,,,,WASHINGTON UNIVERSITY IN ST. LOUIS,SRA1155924,,public,2F18EF42669D8557445259544C7D976A,04855635CFFAD7DC58AF8EFE77B26C98
SRR13060200,2020-11-14 10:24:15,2020-11-14 10:19:13,46695,17744100,46695,380,12,,https://sra-downloadb.be-md.ncbi.nlm.nih.gov/sos3/sra-pub-zq-24/SRR013/13060/SRR13060200/SRR13060200.lite.1,SRX9508415,M00175:5.2.DS_16S,AMPLICON,PCR,METAGENOMIC,PAIRED,0,0,ILLUMINA,Illumina MiSeq,SRP292558,PRJNA674880,,674880,SRS7716953,SAMN16679218,simple,408170,human gut metagenome,5.2.DS_16S,,,,,,,no,,,,,WASHINGTON UNIVERSITY IN ST. LOUIS,SRA1155924,,public,22115CC3A1CCDB263695F2D3AEE0ADFB,6530DB49CB0D959FB018FDA22317B397
SRR13060208,2020-11-14 10:24:14,2020-11-14 10:19:23,51493,19567340,51493,380,13,,https://sra-downloadb.be-md.ncbi.nlm.nih.gov/sos3/sra-pub-zq-22/SRR013/13060/SRR13060208/SRR13060208.lite.1,SRX9508407,M00175:4.1.DP_16S,AMPLICON,PCR,METAGENOMIC,PAIRED,0,0,ILLUMINA,Illumina MiSeq,SRP292558,PRJNA674880,,674880,SRS7716945,SAMN16679211,simple,408170,human gut metagenome,4.1.DP_16S,,,,,,,no,,,,,WASHINGTON UNIVERSITY IN ST. LOUIS,SRA1155924,,public,43EB9196B17068C2982C9353D4DAF029,C1D72DE0FB02483293746FA87197D849
SRR13060207,2020-11-14 10:24:14,2020-11-14 10:19:14,45610,17331800,45610,380,11,,https://sra-downloadb.be-md.ncbi.nlm.nih.gov/sos3/sra-pub-zq-24/SRR013/13060/SRR13060207/SRR13060207.lite.1,SRX9508408,M00175:4.1.DS_16S,AMPLICON,PCR,METAGENOMIC,PAIRED,0,0,ILLUMINA,Illumina MiSeq,SRP292558,PRJNA674880,,674880,SRS7716946,SAMN16679212,simple,408170,human gut metagenome,4.1.DS_16S,,,,,,,no,,,,,WASHINGTON UNIVERSITY IN ST. LOUIS,SRA1155924,,public,852CF7A207AADBB1DB2D698FE5DF6FBE,01C84796077CC882FD68E659329BF62E
SRR13060205,2020-11-14 10:24:14,2020-11-14 10:20:06,1442940,392427896,1442940,271,155,,https://sra-downloadb.be-md.ncbi.nlm.nih.gov/sos3/sra-pub-zq-24/SRR013/13060/SRR13060205/SRR13060205.lite.1,SRX9508410,NS500153:4.10.DS_wgs,WGS,RANDOM,METAGENOMIC,PAIRED,0,0,ILLUMINA,Illumina HiSeq 2000,SRP292558,PRJNA674880,,674880,SRS7716948,SAMN16679006,simple,408170,human gut metagenome,4.10.DS_wgs,,,,,,,no,,,,,WASHINGTON UNIVERSITY IN ST. LOUIS,SRA1155924,,public,F468AC59D1E3A446CA5AB95B8AD907B4,182BC526350384B5F43F0B3373153167
SRR13060209,2020-11-14 10:24:14,2020-11-14 10:19:19,38476,14620880,38476,380,9,,https://sra-downloadb.be-md.ncbi.nlm.nih.gov/sos2/sra-pub-zq-18/SRR013/13060/SRR13060209/SRR13060209.lite.1,SRX9508406,M00175:4.15.DS_16S,AMPLICON,PCR,METAGENOMIC,PAIRED,0,0,ILLUMINA,Illumina MiSeq,SRP292558,PRJNA674880,,674880,SRS7716944,SAMN16679210,simple,408170,human gut metagenome,4.15.DS_16S,,,,,,,no,,,,,WASHINGTON UNIVERSITY IN ST. LOUIS,SRA1155924,,public,E92B37C67B72D8269E63B23C4BC956A8,BCF2B9D0F0293A4F221210AAC1B296F0
SRR13060206,2020-11-14 10:24:14,2020-11-14 10:19:23,39089,14853820,39089,380,10,,https://sra-downloadb.be-md.ncbi.nlm.nih.gov/sos3/sra-pub-zq-22/SRR013/13060/SRR13060206/SRR13060206.lite.1,SRX9508409,M00175:4.8.DP_16S,AMPLICON,PCR,METAGENOMIC,PAIRED,0,0,ILLUMINA,Illumina MiSeq,SRP292558,PRJNA674880,,674880,SRS7716947,SAMN16679213,simple,408170,human gut metagenome,4.8.DP_16S,,,,,,,no,,,,,WASHINGTON UNIVERSITY IN ST. LOUIS,SRA1155924,,public,329606BD5E2BC044FBDB2A141BFA6385,DD78D5283F1AFD0B0732E955AA9D7F12
SRR13060214,2020-11-14 10:24:14,2020-11-14 10:19:15,35131,13349780,35131,380,9,,https://sra-downloadb.be-md.ncbi.nlm.nih.gov/sos2/sra-pub-zq-18/SRR013/13060/SRR13060214/SRR13060214.lite.1,SRX9508401,M00175:4.13.DP_16S,AMPLICON,PCR,METAGENOMIC,PAIRED,0,0,ILLUMINA,Illumina MiSeq,SRP292558,PRJNA674880,,674880,SRS7716939,SAMN16679205,simple,408170,human gut metagenome,4.13.DP_16S,,,,,,,no,,,,,WASHINGTON UNIVERSITY IN ST. LOUIS,SRA1155924,,public,B3271C1F9D5A7DF502EDC7D1F356A83E,09B917DE1F3E10742CEDCB6C21A57974
SRR13060213,2020-11-14 10:24:14,2020-11-14 10:19:23,40248,15294240,40248,380,10,,https://sra-downloadb.be-md.ncbi.nlm.nih.gov/sos3/sra-pub-zq-22/SRR013/13060/SRR13060213/SRR13060213.lite.1,SRX9508402,M00175:4.13.DS_16S,AMPLICON,PCR,METAGENOMIC,PAIRED,0,0,ILLUMINA,Illumina MiSeq,SRP292558,PRJNA674880,,674880,SRS7716940,SAMN16679206,simple,408170,human gut metagenome,4.13.DS_16S,,,,,,,no,,,,,WASHINGTON UNIVERSITY IN ST. LOUIS,SRA1155924,,public,26CDF702D0DDE7738652B0611318811B,B72FB8CC90B9A242C4B64173E7825461
SRR13060212,2020-11-14 10:24:14,2020-11-14 10:19:19,39500,15010000,39500,380,10,,https://sra-downloadb.be-md.ncbi.nlm.nih.gov/sos3/sra-pub-zq-22/SRR013/13060/SRR13060212/SRR13060212.lite.1,SRX9508403,M00175:4.14.DP_16S,AMPLICON,PCR,METAGENOMIC,PAIRED,0,0,ILLUMINA,Illumina MiSeq,SRP292558,PRJNA674880,,674880,SRS7716941,SAMN16679207,simple,408170,human gut metagenome,4.14.DP_16S,,,,,,,no,,,,,WASHINGTON UNIVERSITY IN ST. LOUIS,SRA1155924,,public,60C68B0FC13A9B07448BAC8FF0AB4C23,2A0178CE5CE7C46407C355AE307D26D7
SRR13060211,2020-11-14 10:24:14,2020-11-14 10:19:23,46626,17717880,46626,380,12,,https://sra-downloadb.be-md.ncbi.nlm.nih.gov/sos3/sra-pub-zq-22/SRR013/13060/SRR13060211/SRR13060211.lite.1,SRX9508404,M00175:4.14.DS_16S,AMPLICON,PCR,METAGENOMIC,PAIRED,0,0,ILLUMINA,Illumina MiSeq,SRP292558,PRJNA674880,,674880,SRS7716942,SAMN16679208,simple,408170,human gut metagenome,4.14.DS_16S,,,,,,,no,,,,,WASHINGTON UNIVERSITY IN ST. LOUIS,SRA1155924,,public,14BD6721DFCB8367BB827CACA234C95E,6145518523A7C01DDC7ACB06F068DCA7
SRR13060210,2020-11-14 10:24:14,2020-11-14 10:19:21,54519,20717220,54519,380,13,,https://sra-downloadb.be-md.ncbi.nlm.nih.gov/sos3/sra-pub-zq-22/SRR013/13060/SRR13060210/SRR13060210.lite.1,SRX9508405,M00175:4.15.DP_16S,AMPLICON,PCR,METAGENOMIC,PAIRED,0,0,ILLUMINA,Illumina MiSeq,SRP292558,PRJNA674880,,674880,SRS7716943,SAMN16679209,simple,408170,human gut metagenome,4.15.DP_16S,,,,,,,no,,,,,WASHINGTON UNIVERSITY IN ST. LOUIS,SRA1155924,,public,BEE1E9D514B15764B7C1FDC7F49B651B,A29CA6F3F672F8427E36724168CBD791
SRR13060216,2020-11-14 10:24:14,2020-11-14 10:21:21,3628608,990785694,3628608,273,380,,https://sra-downloadb.be-md.ncbi.nlm.nih.gov/sos3/sra-pub-zq-24/SRR013/13060/SRR13060216/SRR13060216.lite.1,SRX9508399,NS500153:4.10.DP_wgs,WGS,RANDOM,METAGENOMIC,PAIRED,0,0,ILLUMINA,Illumina HiSeq 2000,SRP292558,PRJNA674880,,674880,SRS7716937,SAMN16679005,simple,408170,human gut metagenome,4.10.DP_wgs,,,,,,,no,,,,,WASHINGTON UNIVERSITY IN ST. LOUIS,SRA1155924,,public,10357B19688FE705ACBBFCA802E6BCAB,A11CAA6D956467C083DD59EB0118A16E
SRR13060219,2020-11-14 10:24:14,2020-11-14 10:19:31,49224,18705120,49224,380,12,,https://sra-downloadb.be-md.ncbi.nlm.nih.gov/sos3/sra-pub-zq-24/SRR013/13060/SRR13060219/SRR13060219.lite.1,SRX9508396,M00175:4.11.DP_16S,AMPLICON,PCR,METAGENOMIC,PAIRED,0,0,ILLUMINA,Illumina MiSeq,SRP292558,PRJNA674880,,674880,SRS7716933,SAMN16679201,simple,408170,human gut metagenome,4.11.DP_16S,,,,,,,no,,,,,WASHINGTON UNIVERSITY IN ST. LOUIS,SRA1155924,,public,5BA862A7A13B0E4CD36399BC7DC53225,0039EAB38ADC16128BE5652E6077A5F7
SRR13060218,2020-11-14 10:24:14,2020-11-14 10:19:32,50980,19372400,50980,380,13,,https://sra-downloadb.be-md.ncbi.nlm.nih.gov/sos3/sra-pub-zq-24/SRR013/13060/SRR13060218/SRR13060218.lite.1,SRX9508397,M00175:4.11.DS_16S,AMPLICON,PCR,METAGENOMIC,PAIRED,0,0,ILLUMINA,Illumina MiSeq,SRP292558,PRJNA674880,,674880,SRS7716935,SAMN16679202,simple,408170,human gut metagenome,4.11.DS_16S,,,,,,,no,,,,,WASHINGTON UNIVERSITY IN ST. LOUIS,SRA1155924,,public,0B33BE2DD646EB9E699FBE8DEBB2C45C,F973189217B2C8D1F24B613A7312339D
SRR13060217,2020-11-14 10:24:14,2020-11-14 10:19:15,18543,7046340,18543,380,4,,https://sra-downloadb.be-md.ncbi.nlm.nih.gov/sos2/sra-pub-zq-18/SRR013/13060/SRR13060217/SRR13060217.lite.1,SRX9508398,M00175:4.12.DP_16S,AMPLICON,PCR,METAGENOMIC,PAIRED,0,0,ILLUMINA,Illumina MiSeq,SRP292558,PRJNA674880,,674880,SRS7716936,SAMN16679203,simple,408170,human gut metagenome,4.12.DP_16S,,,,,,,no,,,,,WASHINGTON UNIVERSITY IN ST. LOUIS,SRA1155924,,public,3CC33C3736503529722282C7790EE943,2E151E8B596B7B2A5610725E341D6ECD
SRR13060215,2020-11-14 10:24:14,2020-11-14 10:19:22,30555,11610900,30555,380,7,,https://sra-downloadb.be-md.ncbi.nlm.nih.gov/sos2/sra-pub-zq-18/SRR013/13060/SRR13060215/SRR13060215.lite.1,SRX9508400,M00175:4.12.DS_16S,AMPLICON,PCR,METAGENOMIC,PAIRED,0,0,ILLUMINA,Illumina MiSeq,SRP292558,PRJNA674880,,674880,SRS7716938,SAMN16679204,simple,408170,human gut metagenome,4.12.DS_16S,,,,,,,no,,,,,WASHINGTON UNIVERSITY IN ST. LOUIS,SRA1155924,,public,B7860ABDEDE7F90D2BD8387A51301D5A,7B31A1FEB91BA8B5B127C4891003F75D
SRR13060224,2020-11-14 10:24:14,2020-11-14 10:19:33,39288,14929440,39288,380,10,,https://sra-downloadb.be-md.ncbi.nlm.nih.gov/sos3/sra-pub-zq-24/SRR013/13060/SRR13060224/SRR13060224.lite.1,SRX9508391,M00175:3.5.DS_16S,AMPLICON,PCR,METAGENOMIC,PAIRED,0,0,ILLUMINA,Illumina MiSeq,SRP292558,PRJNA674880,,674880,SRS7716929,SAMN16679196,simple,408170,human gut metagenome,3.5.DS_16S,,,,,,,no,,,,,WASHINGTON UNIVERSITY IN ST. LOUIS,SRA1155924,,public,0CFF30566621DCE9B48EAEE453B7F9C1,4280C0C07E2D7A72ABC6F28E5AA1DB8A
SRR13060223,2020-11-14 10:24:14,2020-11-14 10:19:33,42523,16158740,42523,380,10,,https://sra-downloadb.be-md.ncbi.nlm.nih.gov/sos3/sra-pub-zq-24/SRR013/13060/SRR13060223/SRR13060223.lite.1,SRX9508392,M00175:3.7.DP_16S,AMPLICON,PCR,METAGENOMIC,PAIRED,0,0,ILLUMINA,Illumina MiSeq,SRP292558,PRJNA674880,,674880,SRS7716931,SAMN16679197,simple,408170,human gut metagenome,3.7.DP_16S,,,,,,,no,,,,,WASHINGTON UNIVERSITY IN ST. LOUIS,SRA1155924,,public,58F3C7E0F7EBA72507740D8F87B3245C,C2593682C0F93A8D42512CFB247DF123
SRR13060222,2020-11-14 10:24:14,2020-11-14 10:19:28,27359,10396420,27359,380,6,,https://sra-downloadb.be-md.ncbi.nlm.nih.gov/sos2/sra-pub-zq-18/SRR013/13060/SRR13060222/SRR13060222.lite.1,SRX9508393,M00175:3.7.DS_16S,AMPLICON,PCR,METAGENOMIC,PAIRED,0,0,ILLUMINA,Illumina MiSeq,SRP292558,PRJNA674880,,674880,SRS7716930,SAMN16679198,simple,408170,human gut metagenome,3.7.DS_16S,,,,,,,no,,,,,WASHINGTON UNIVERSITY IN ST. LOUIS,SRA1155924,,public,91F19406045C4618D640F2C55DAB62A5,62E6D783FE8B84289C59087E10558DAE
SRR13060221,2020-11-14 10:24:14,2020-11-14 10:19:28,51826,19693880,51826,380,13,,https://sra-downloadb.be-md.ncbi.nlm.nih.gov/sos3/sra-pub-zq-24/SRR013/13060/SRR13060221/SRR13060221.lite.1,SRX9508394,M00175:4.10.DP_16S,AMPLICON,PCR,METAGENOMIC,PAIRED,0,0,ILLUMINA,Illumina MiSeq,SRP292558,PRJNA674880,,674880,SRS7716932,SAMN16679199,simple,408170,human gut metagenome,4.10.DP_16S,,,,,,,no,,,,,WASHINGTON UNIVERSITY IN ST. LOUIS,SRA1155924,,public,BF81B9F3371AE4A39DD9ED440EE91EF8,8B3051DD7FA85164113F6EDBD6710886
SRR13060220,2020-11-14 10:24:14,2020-11-14 10:19:13,1735,659300,1735,380,0,,https://sra-downloadb.be-md.ncbi.nlm.nih.gov/sos2/sra-pub-zq-18/SRR013/13060/SRR13060220/SRR13060220.lite.1,SRX9508395,M00175:4.10.DS_16S,AMPLICON,PCR,METAGENOMIC,PAIRED,0,0,ILLUMINA,Illumina MiSeq,SRP292558,PRJNA674880,,674880,SRS7716934,SAMN16679200,simple,408170,human gut metagenome,4.10.DS_16S,,,,,,,no,,,,,WASHINGTON UNIVERSITY IN ST. LOUIS,SRA1155924,,public,AC553A28ECA5ACD215133D0D312EB98F,4B449F89808B154FFDDD8F14A8B57C92
SRR13060229,2020-11-14 10:24:14,2020-11-14 10:19:28,22387,8507060,22387,380,5,,https://sra-downloadb.be-md.ncbi.nlm.nih.gov/sos2/sra-pub-zq-18/SRR013/13060/SRR13060229/SRR13060229.lite.1,SRX9508386,M00175:3.12.DS_16S,AMPLICON,PCR,METAGENOMIC,PAIRED,0,0,ILLUMINA,Illumina MiSeq,SRP292558,PRJNA674880,,674880,SRS7716924,SAMN16679192,simple,408170,human gut metagenome,3.12.DS_16S,,,,,,,no,,,,,WASHINGTON UNIVERSITY IN ST. LOUIS,SRA1155924,,public,D794EB238C136DDC34545A0E0AC1BB5B,5F8368F3A42F4B3C3C88C2A089069424
SRR13060228,2020-11-14 10:24:14,2020-11-14 10:19:42,37855,14384900,37855,380,9,,https://sra-downloadb.be-md.ncbi.nlm.nih.gov/sos2/sra-pub-zq-18/SRR013/13060/SRR13060228/SRR13060228.lite.1,SRX9508387,M00175:3.13.DP_16S,AMPLICON,PCR,METAGENOMIC,PAIRED,0,0,ILLUMINA,Illumina MiSeq,SRP292558,PRJNA674880,,674880,SRS7716925,SAMN16679193,simple,408170,human gut metagenome,3.13.DP_16S,,,,,,,no,,,,,WASHINGTON UNIVERSITY IN ST. LOUIS,SRA1155924,,public,C2A4CCF21D33CD27F130095AEF80BD35,B8932AAA7A1983323B82851167AEAFDE
SRR13060226,2020-11-14 10:50:50,2020-11-14 10:19:29,39837,15138060,39837,380,10,,https://sra-downloadb.be-md.ncbi.nlm.nih.gov/sos3/sra-pub-zq-24/SRR013/13060/SRR13060226/SRR13060226.lite.1,SRX9508389,M00175:3.13.DS_16S,AMPLICON,PCR,METAGENOMIC,PAIRED,0,0,ILLUMINA,Illumina MiSeq,SRP292558,PRJNA674880,,674880,SRS7716927,SAMN16679194,simple,408170,human gut metagenome,3.13.DS_16S,,,,,,,no,,,,,WASHINGTON UNIVERSITY IN ST. LOUIS,SRA1155924,,public,37F2BAF22115B75487FB240F55009005,9F4159A7CA4636113EC974AFA5B7C395
SRR13060225,2020-11-14 10:24:14,2020-11-14 10:19:33,43561,16553180,43561,380,11,,https://sra-downloadb.be-md.ncbi.nlm.nih.gov/sos3/sra-pub-zq-24/SRR013/13060/SRR13060225/SRR13060225.lite.1,SRX9508390,M00175:3.5.DP_16S,AMPLICON,PCR,METAGENOMIC,PAIRED,0,0,ILLUMINA,Illumina MiSeq,SRP292558,PRJNA674880,,674880,SRS7716928,SAMN16679195,simple,408170,human gut metagenome,3.5.DP_16S,,,,,,,no,,,,,WASHINGTON UNIVERSITY IN ST. LOUIS,SRA1155924,,public,81F0313EB6DA37635C701376CDEA1A3F,955CA9A66FF80DDDD152EDDACA70653C
SRR13060227,2020-11-14 10:50:50,2020-11-14 10:20:03,1442710,389329909,1442710,269,159,,https://sra-downloadb.be-md.ncbi.nlm.nih.gov/sos3/sra-pub-zq-24/SRR013/13060/SRR13060227/SRR13060227.lite.1,SRX9508388,NS500153:3.7.DS_wgs,WGS,RANDOM,METAGENOMIC,PAIRED,0,0,ILLUMINA,Illumina HiSeq 2000,SRP292558,PRJNA674880,,674880,SRS7716926,SAMN16679004,simple,408170,human gut metagenome,3.7.DS_wgs,,,,,,,no,,,,,WASHINGTON UNIVERSITY IN ST. LOUIS,SRA1155924,,public,EB5DA3F3751D9588C219281AC8E94BD5,80756E4D7AB9C450BE6244395B9262E3
SRR13060234,2020-11-14 10:24:14,2020-11-14 10:19:44,43750,16625000,43750,380,11,,https://sra-downloadb.be-md.ncbi.nlm.nih.gov/sos3/sra-pub-zq-24/SRR013/13060/SRR13060234/SRR13060234.lite.1,SRX9508381,M00175:1.6.DP_16S,AMPLICON,PCR,METAGENOMIC,PAIRED,0,0,ILLUMINA,Illumina MiSeq,SRP292558,PRJNA674880,,674880,SRS7716919,SAMN16679187,simple,408170,human gut metagenome,1.6.DP_16S,,,,,,,no,,,,,WASHINGTON UNIVERSITY IN ST. LOUIS,SRA1155924,,public,D4730167A8B6DF019343D7CE187BFC65,AD097666237BE2A130A2DFD54D8083FD
SRR13060233,2020-11-14 10:24:14,2020-11-14 10:19:43,33890,12878200,33890,380,8,,https://sra-downloadb.be-md.ncbi.nlm.nih.gov/sos2/sra-pub-zq-18/SRR013/13060/SRR13060233/SRR13060233.lite.1,SRX9508382,M00175:1.6.DS_16S,AMPLICON,PCR,METAGENOMIC,PAIRED,0,0,ILLUMINA,Illumina MiSeq,SRP292558,PRJNA674880,,674880,SRS7716920,SAMN16679188,simple,408170,human gut metagenome,1.6.DS_16S,,,,,,,no,,,,,WASHINGTON UNIVERSITY IN ST. LOUIS,SRA1155924,,public,591224FBB5729EF361B8B0EC8ABD8B53,B31A4798474A6BA6B486D1E9C332D557
SRR13060232,2020-11-14 10:24:14,2020-11-14 10:19:33,38890,14778200,38890,380,9,,https://sra-downloadb.be-md.ncbi.nlm.nih.gov/sos2/sra-pub-zq-18/SRR013/13060/SRR13060232/SRR13060232.lite.1,SRX9508383,M00175:3.11.DP_16S,AMPLICON,PCR,METAGENOMIC,PAIRED,0,0,ILLUMINA,Illumina MiSeq,SRP292558,PRJNA674880,,674880,SRS7716921,SAMN16679189,simple,408170,human gut metagenome,3.11.DP_16S,,,,,,,no,,,,,WASHINGTON UNIVERSITY IN ST. LOUIS,SRA1155924,,public,92832F62BAC28A9AD02B75A684D060A8,4E973CDF7162945C4C03B6708EEEFC02
SRR13060231,2020-11-14 10:24:14,2020-11-14 10:19:42,40198,15275240,40198,380,10,,https://sra-downloadb.be-md.ncbi.nlm.nih.gov/sos3/sra-pub-zq-24/SRR013/13060/SRR13060231/SRR13060231.lite.1,SRX9508384,M00175:3.11.DS_16S,AMPLICON,PCR,METAGENOMIC,PAIRED,0,0,ILLUMINA,Illumina MiSeq,SRP292558,PRJNA674880,,674880,SRS7716922,SAMN16679190,simple,408170,human gut metagenome,3.11.DS_16S,,,,,,,no,,,,,WASHINGTON UNIVERSITY IN ST. LOUIS,SRA1155924,,public,00C7C5FF4BCEA9C2D4C1D2CE19DB6841,8E27CDEAA557753BDEF46AC3093C07F6
SRR13060230,2020-11-14 10:24:14,2020-11-14 10:19:33,31132,11830160,31132,380,7,,https://sra-downloadb.be-md.ncbi.nlm.nih.gov/sos2/sra-pub-zq-18/SRR013/13060/SRR13060230/SRR13060230.lite.1,SRX9508385,M00175:3.12.DP_16S,AMPLICON,PCR,METAGENOMIC,PAIRED,0,0,ILLUMINA,Illumina MiSeq,SRP292558,PRJNA674880,,674880,SRS7716923,SAMN16679191,simple,408170,human gut metagenome,3.12.DP_16S,,,,,,,no,,,,,WASHINGTON UNIVERSITY IN ST. LOUIS,SRA1155924,,public,E9BC6852FA5AAA87102C817980552EE6,0FB05D38F7A6E5F18DF357EDD05B4D89
SRR13060239,2020-11-14 10:24:13,2020-11-14 10:22:10,4869352,1315127164,4869352,270,528,,https://sra-downloadb.be-md.ncbi.nlm.nih.gov/sos3/sra-pub-zq-24/SRR013/13060/SRR13060239/SRR13060239.lite.1,SRX9508376,NS500153:1.2.DP_wgs,WGS,RANDOM,METAGENOMIC,PAIRED,0,0,ILLUMINA,Illumina HiSeq 2000,SRP292558,PRJNA674880,,674880,SRS7716915,SAMN16678985,simple,408170,human gut metagenome,1.2.DP_wgs,,,,,,,no,,,,,WASHINGTON UNIVERSITY IN ST. LOUIS,SRA1155924,,public,1F159AD5A14F54ECCC51BE685DB42066,3EF1D8BA325010776EC1D5442FA2E3DE
SRR13060237,2020-11-14 10:24:13,2020-11-14 10:19:42,38807,14746660,38807,380,9,,https://sra-downloadb.be-md.ncbi.nlm.nih.gov/sos2/sra-pub-zq-18/SRR013/13060/SRR13060237/SRR13060237.lite.1,SRX9508378,M00175:1.4.DS_16S,AMPLICON,PCR,METAGENOMIC,PAIRED,0,0,ILLUMINA,Illumina MiSeq,SRP292558,PRJNA674880,,674880,SRS7716916,SAMN16679184,simple,408170,human gut metagenome,1.4.DS_16S,,,,,,,no,,,,,WASHINGTON UNIVERSITY IN ST. LOUIS,SRA1155924,,public,F5E2DFEFB8D3CC832A2DCA4BBB9A0F1F,1C9691C70DE553157AB7A52827DE8C92
SRR13060236,2020-11-14 10:24:14,2020-11-14 10:19:42,40649,15446620,40649,380,10,,https://sra-downloadb.be-md.ncbi.nlm.nih.gov/sos3/sra-pub-zq-24/SRR013/13060/SRR13060236/SRR13060236.lite.1,SRX9508379,M00175:1.5.DP_16S,AMPLICON,PCR,METAGENOMIC,PAIRED,0,0,ILLUMINA,Illumina MiSeq,SRP292558,PRJNA674880,,674880,SRS7716917,SAMN16679185,simple,408170,human gut metagenome,1.5.DP_16S,,,,,,,no,,,,,WASHINGTON UNIVERSITY IN ST. LOUIS,SRA1155924,,public,0429FCDA9CA44317DE61E0F5E0641D00,E76B09229CDDB699F8AB88CC0A1AEDF5
SRR13060235,2020-11-14 10:24:14,2020-11-14 10:19:44,38956,14803280,38956,380,9,,https://sra-downloadb.be-md.ncbi.nlm.nih.gov/sos2/sra-pub-zq-18/SRR013/13060/SRR13060235/SRR13060235.lite.1,SRX9508380,M00175:1.5.DS_16S,AMPLICON,PCR,METAGENOMIC,PAIRED,0,0,ILLUMINA,Illumina MiSeq,SRP292558,PRJNA674880,,674880,SRS7716918,SAMN16679186,simple,408170,human gut metagenome,1.5.DS_16S,,,,,,,no,,,,,WASHINGTON UNIVERSITY IN ST. LOUIS,SRA1155924,,public,2F98E9F30791BF40E39B13F2614BEE28,1807181CD6669AACE88D3106C919D0A7
SRR13060238,2020-11-14 10:24:13,2020-11-14 10:20:03,1104694,299963873,1104694,271,121,,https://sra-downloadb.be-md.ncbi.nlm.nih.gov/sos3/sra-pub-zq-24/SRR013/13060/SRR13060238/SRR13060238.lite.1,SRX9508377,NS500153:3.7.DP_wgs,WGS,RANDOM,METAGENOMIC,PAIRED,0,0,ILLUMINA,Illumina HiSeq 2000,SRP292558,PRJNA674880,,674880,SRS7716914,SAMN16679003,simple,408170,human gut metagenome,3.7.DP_wgs,,,,,,,no,,,,,WASHINGTON UNIVERSITY IN ST. LOUIS,SRA1155924,,public,C0A182A62C02DE3BE95C4A91DB198E4E,5C479556032FEEEDC44FD0D60ECF7CDB
SRR13060244,2020-11-14 10:24:13,2020-11-14 10:19:44,44583,16941540,44583,380,11,,https://sra-downloadb.be-md.ncbi.nlm.nih.gov/sos3/sra-pub-zq-24/SRR013/13060/SRR13060244/SRR13060244.lite.1,SRX9508371,M00175:1.2.DP_16S,AMPLICON,PCR,METAGENOMIC,PAIRED,0,0,ILLUMINA,Illumina MiSeq,SRP292558,PRJNA674880,,674880,SRS7716908,SAMN16679179,simple,408170,human gut metagenome,1.2.DP_16S,,,,,,,no,,,,,WASHINGTON UNIVERSITY IN ST. LOUIS,SRA1155924,,public,25C27C8BDF5E8BC4D0654517CA4B5DFB,A63B1B89EA1DCEDA0E9798D79009AB18
SRR13060243,2020-11-14 10:24:13,2020-11-14 10:19:44,42617,16194460,42617,380,10,,https://sra-downloadb.be-md.ncbi.nlm.nih.gov/sos3/sra-pub-zq-24/SRR013/13060/SRR13060243/SRR13060243.lite.1,SRX9508372,M00175:1.2.DS_16S,AMPLICON,PCR,METAGENOMIC,PAIRED,0,0,ILLUMINA,Illumina MiSeq,SRP292558,PRJNA674880,,674880,SRS7716910,SAMN16679180,simple,408170,human gut metagenome,1.2.DS_16S,,,,,,,no,,,,,WASHINGTON UNIVERSITY IN ST. LOUIS,SRA1155924,,public,3BE1F9BB91361DEC8C7BD16F2B6D3973,0A2D6EDB0FB3453B2AD357BBC540811D
SRR13060242,2020-11-14 10:24:13,2020-11-14 10:19:43,41778,15875640,41778,380,10,,https://sra-downloadb.be-md.ncbi.nlm.nih.gov/sos3/sra-pub-zq-24/SRR013/13060/SRR13060242/SRR13060242.lite.1,SRX9508373,M00175:1.3.DP_16S,AMPLICON,PCR,METAGENOMIC,PAIRED,0,0,ILLUMINA,Illumina MiSeq,SRP292558,PRJNA674880,,674880,SRS7716912,SAMN16679181,simple,408170,human gut metagenome,1.3.DP_16S,,,,,,,no,,,,,WASHINGTON UNIVERSITY IN ST. LOUIS,SRA1155924,,public,F487E77B46DCD1898B020458C1329B20,511DB34D3FE251F1B955303028F1FD0B
SRR13060241,2020-11-14 10:24:13,2020-11-14 10:19:49,51401,19532380,51401,380,13,,https://sra-downloadb.be-md.ncbi.nlm.nih.gov/sos3/sra-pub-zq-24/SRR013/13060/SRR13060241/SRR13060241.lite.1,SRX9508374,M00175:1.3.DS_16S,AMPLICON,PCR,METAGENOMIC,PAIRED,0,0,ILLUMINA,Illumina MiSeq,SRP292558,PRJNA674880,,674880,SRS7716911,SAMN16679182,simple,408170,human gut metagenome,1.3.DS_16S,,,,,,,no,,,,,WASHINGTON UNIVERSITY IN ST. LOUIS,SRA1155924,,public,92BD0633B6556C5D580040BC07CF5E0E,F892FE1E90DEAF60CBFE0024B02E6A2E
SRR13060240,2020-11-14 10:24:13,2020-11-14 10:19:42,41648,15826240,41648,380,10,,https://sra-downloadb.be-md.ncbi.nlm.nih.gov/sos3/sra-pub-zq-24/SRR013/13060/SRR13060240/SRR13060240.lite.1,SRX9508375,M00175:1.4.DP_16S,AMPLICON,PCR,METAGENOMIC,PAIRED,0,0,ILLUMINA,Illumina MiSeq,SRP292558,PRJNA674880,,674880,SRS7716913,SAMN16679183,simple,408170,human gut metagenome,1.4.DP_16S,,,,,,,no,,,,,WASHINGTON UNIVERSITY IN ST. LOUIS,SRA1155924,,public,D759CB702A8FE7093F2795E20035ED09,BC5C93D1F5AB2851A139345C1B4D4574
SRR13060246,2020-11-14 10:24:13,2020-11-14 10:19:43,44306,16836280,44306,380,11,,https://sra-downloadb.be-md.ncbi.nlm.nih.gov/sos3/sra-pub-zq-24/SRR013/13060/SRR13060246/SRR13060246.lite.1,SRX9508369,M00175:1.1.DP_16S,AMPLICON,PCR,METAGENOMIC,PAIRED,0,0,ILLUMINA,Illumina MiSeq,SRP292558,PRJNA674880,,674880,SRS7716907,SAMN16679177,simple,408170,human gut metagenome,1.1.DP_16S,,,,,,,no,,,,,WASHINGTON UNIVERSITY IN ST. LOUIS,SRA1155924,,public,ADEA0A2F78A8D5FAF70EB91700F5CAFE,CEAA149A070024198B02DED8669DADAC
SRR13060245,2020-11-14 10:24:13,2020-11-14 10:19:43,36104,13719520,36104,380,9,,https://sra-downloadb.be-md.ncbi.nlm.nih.gov/sos2/sra-pub-zq-18/SRR013/13060/SRR13060245/SRR13060245.lite.1,SRX9508370,M00175:1.1.DS_16S,AMPLICON,PCR,METAGENOMIC,PAIRED,0,0,ILLUMINA,Illumina MiSeq,SRP292558,PRJNA674880,,674880,SRS7716909,SAMN16679178,simple,408170,human gut metagenome,1.1.DS_16S,,,,,,,no,,,,,WASHINGTON UNIVERSITY IN ST. LOUIS,SRA1155924,,public,065BD87427896D150C097FD6D277CF67,422526928B510115509714A93A1C8B05
SRR13060249,2020-11-14 10:24:13,2020-11-14 10:21:39,1637529,491258384,1637529,299,204,,https://sra-downloadb.be-md.ncbi.nlm.nih.gov/sos3/sra-pub-zq-22/SRR013/13060/SRR13060249/SRR13060249.lite.1,SRX9508366,NB501065:S55,WGS,RANDOM,GENOMIC,PAIRED,0,0,ILLUMINA,NextSeq 500,SRP292558,PRJNA674880,,674880,SRS7716904,SAMN16679174,simple,408170,human gut metagenome,S55,,,,,,,no,,,,,WASHINGTON UNIVERSITY IN ST. LOUIS,SRA1155924,,public,01B9A499F2FB2ED4BD5BCD6266749597,B6F510D26F3EB90DDAF1285229031F3B
SRR13060248,2020-11-14 10:24:13,2020-11-14 10:19:53,306513,91953900,306513,300,43,,https://sra-downloadb.be-md.ncbi.nlm.nih.gov/sos3/sra-pub-zq-24/SRR013/13060/SRR13060248/SRR13060248.lite.1,SRX9508367,NB501065:S69,WGS,RANDOM,GENOMIC,PAIRED,0,0,ILLUMINA,NextSeq 500,SRP292558,PRJNA674880,,674880,SRS7716905,SAMN16679175,simple,408170,human gut metagenome,S69,,,,,,,no,,,,,WASHINGTON UNIVERSITY IN ST. LOUIS,SRA1155924,,public,79184F2EBD6A7C8B1C0C664F9B0542B9,5ADB70B734652CA09334D129B6482969
SRR13060247,2020-11-14 10:24:13,2020-11-14 10:21:27,2451933,735579900,2451933,300,308,,https://sra-downloadb.be-md.ncbi.nlm.nih.gov/sos3/sra-pub-zq-24/SRR013/13060/SRR13060247/SRR13060247.lite.1,SRX9508368,NB501065:S85,WGS,RANDOM,GENOMIC,PAIRED,0,0,ILLUMINA,NextSeq 500,SRP292558,PRJNA674880,,674880,SRS7716906,SAMN16679176,simple,408170,human gut metagenome,S85,,,,,,,no,,,,,WASHINGTON UNIVERSITY IN ST. LOUIS,SRA1155924,,public,2A4976B186933F4A83C8A7E1991072FF,3A9859543287BD04B3493C121B43E819
SRR13060254,2020-11-14 10:24:13,2020-11-14 10:21:07,3497624,955203594,3497624,273,374,,https://sra-downloadb.be-md.ncbi.nlm.nih.gov/sos3/sra-pub-zq-24/SRR013/13060/SRR13060254/SRR13060254.lite.1,SRX9508361,NS500153:1.1.DS_wgs,WGS,RANDOM,METAGENOMIC,PAIRED,0,0,ILLUMINA,Illumina HiSeq 2000,SRP292558,PRJNA674880,,674880,SRS7716899,SAMN16678984,simple,408170,human gut metagenome,1.1.DS_wgs,,,,,,,no,,,,,WASHINGTON UNIVERSITY IN ST. LOUIS,SRA1155924,,public,D0108B347BA4D46C7A3CF0BEC160FF1A,621450A1AC320554485F63A586D1E5E8
SRR13060253,2020-11-14 10:26:30,2020-11-14 10:23:24,6995531,1921897207,6995531,274,735,,https://sra-downloadb.be-md.ncbi.nlm.nih.gov/sos3/sra-pub-zq-22/SRR013/13060/SRR13060253/SRR13060253.lite.1,SRX9508362,NS500153:1.6.DP_wgs,WGS,RANDOM,METAGENOMIC,PAIRED,0,0,ILLUMINA,Illumina HiSeq 2000,SRP292558,PRJNA674880,,674880,SRS7716901,SAMN16678993,simple,408170,human gut metagenome,1.6.DP_wgs,,,,,,,no,,,,,WASHINGTON UNIVERSITY IN ST. LOUIS,SRA1155924,,public,3C04114D253AAE7662726615271601CD,498839E5BE86FD6C35E50872E7C58B0A
SRR13060250,2020-11-14 10:24:13,2020-11-14 10:20:54,2123443,583993695,2123443,275,226,,https://sra-downloadb.be-md.ncbi.nlm.nih.gov/sos3/sra-pub-zq-22/SRR013/13060/SRR13060250/SRR13060250.lite.1,SRX9508365,NS500153:3.5.DS_wgs,WGS,RANDOM,METAGENOMIC,PAIRED,0,0,ILLUMINA,Illumina HiSeq 2000,SRP292558,PRJNA674880,,674880,SRS7716903,SAMN16679002,simple,408170,human gut metagenome,3.5.DS_wgs,,,,,,,no,,,,,WASHINGTON UNIVERSITY IN ST. LOUIS,SRA1155924,,public,D5624ADBF9151D32BE0B2D95EBB1AF5A,6CD7EA3B0DEE8BDF3FBCB5B9748D983F
SRR13060252,2020-11-14 10:26:30,2020-11-14 10:23:07,8079653,2223862548,8079653,275,843,,https://sra-downloadb.be-md.ncbi.nlm.nih.gov/sos3/sra-pub-zq-22/SRR013/13060/SRR13060252/SRR13060252.lite.1,SRX9508363,NS500153:A24.2.30_wgs,WGS,RANDOM,METAGENOMIC,PAIRED,0,0,ILLUMINA,Illumina HiSeq 2000,SRP292558,PRJNA674880,,674880,SRS7716900,SAMN16679083,simple,408170,human gut metagenome,A24.2.30_wgs,,,,,,,no,,,,,WASHINGTON UNIVERSITY IN ST. LOUIS,SRA1155924,,public,7336969631EEBF8D6E8E751E645800B4,0C75D367B69550A50A158B0821223B0A
SRR13060251,2020-11-14 10:24:13,2020-11-14 10:20:55,1518038,455411400,1518038,300,190,,https://sra-downloadb.be-md.ncbi.nlm.nih.gov/sos3/sra-pub-zq-22/SRR013/13060/SRR13060251/SRR13060251.lite.1,SRX9508364,NB501065:S54,WGS,RANDOM,GENOMIC,PAIRED,0,0,ILLUMINA,NextSeq 500,SRP292558,PRJNA674880,,674880,SRS7716902,SAMN16679173,simple,408170,human gut metagenome,S54,,,,,,,no,,,,,WASHINGTON UNIVERSITY IN ST. LOUIS,SRA1155924,,public,D012FA98B0B0F91CEF0CB0BCF8509B1D,F235B50A6491F0951FDF32A7F4000BED
SRR13060255,2020-11-14 10:52:45,2020-11-14 10:20:42,2215722,607157332,2215722,274,237,,https://sra-downloadb.be-md.ncbi.nlm.nih.gov/sos3/sra-pub-zq-24/SRR013/13060/SRR13060255/SRR13060255.lite.1,SRX9508360,NS500153:1.1.DP_wgs,WGS,RANDOM,METAGENOMIC,PAIRED,0,0,ILLUMINA,Illumina HiSeq 2000,SRP292558,PRJNA674880,,674880,SRS7716898,SAMN16678983,simple,408170,human gut metagenome,1.1.DP_wgs,,,,,,,no,,,,,WASHINGTON UNIVERSITY IN ST. LOUIS,SRA1155924,,public,00753B5C374C476F49CB3E1F0DDD15D6,C9C1DC91DAD8A6EF54A9615E201E854D
SRR13060259,2020-11-14 10:24:13,2020-11-14 10:21:16,2769596,749971352,2769596,270,300,,https://sra-downloadb.be-md.ncbi.nlm.nih.gov/sos3/sra-pub-zq-22/SRR013/13060/SRR13060259/SRR13060259.lite.1,SRX9508356,NS500153:1.3.DS_wgs,WGS,RANDOM,METAGENOMIC,PAIRED,0,0,ILLUMINA,Illumina HiSeq 2000,SRP292558,PRJNA674880,,674880,SRS7716894,SAMN16678988,simple,408170,human gut metagenome,1.3.DS_wgs,,,,,,,no,,,,,WASHINGTON UNIVERSITY IN ST. LOUIS,SRA1155924,,public,55A325D40CA72EA1B61110B8DA7F0D85,1272A66C6E31D4DCA9A530767A989645
SRR13060258,2020-11-14 10:55:23,2020-11-14 10:21:07,2024430,544675458,2024430,269,221,,https://sra-downloadb.be-md.ncbi.nlm.nih.gov/sos3/sra-pub-zq-24/SRR013/13060/SRR13060258/SRR13060258.lite.1,SRX9508357,NS500153:A11.1.0_wgs,WGS,RANDOM,METAGENOMIC,PAIRED,0,0,ILLUMINA,Illumina HiSeq 2000,SRP292558,PRJNA674880,,674880,SRS7716895,SAMN16679033,simple,408170,human gut metagenome,A11.1.0_wgs,,,,,,,no,,,,,WASHINGTON UNIVERSITY IN ST. LOUIS,SRA1155924,,public,028C07BE40F8B28575ED8DE5DFE58E7C,06F2197224A9386455634A4B1080CA29
SRR13060257,2020-11-14 10:24:13,2020-11-14 10:21:02,2337239,638020949,2337239,272,251,,https://sra-downloadb.be-md.ncbi.nlm.nih.gov/sos3/sra-pub-zq-24/SRR013/13060/SRR13060257/SRR13060257.lite.1,SRX9508358,NS500153:A11.1.180_wgs,WGS,RANDOM,METAGENOMIC,PAIRED,0,0,ILLUMINA,Illumina HiSeq 2000,SRP292558,PRJNA674880,,674880,SRS7716896,SAMN16679034,simple,408170,human gut metagenome,A11.1.180_wgs,,,,,,,no,,,,,WASHINGTON UNIVERSITY IN ST. LOUIS,SRA1155924,,public,0E22B42D1B4E3EA6DE3437A86F96E76D,03B00E5635DD61BC9BAB1D6C30B08273
SRR13060256,2020-11-14 10:24:13,2020-11-14 10:20:25,1396101,376433233,1396101,269,153,,https://sra-downloadb.be-md.ncbi.nlm.nih.gov/sos3/sra-pub-zq-24/SRR013/13060/SRR13060256/SRR13060256.lite.1,SRX9508359,NS500153:A11.1.30_wgs,WGS,RANDOM,METAGENOMIC,PAIRED,0,0,ILLUMINA,Illumina HiSeq 2000,SRP292558,PRJNA674880,,674880,SRS7716897,SAMN16679035,simple,408170,human gut metagenome,A11.1.30_wgs,,,,,,,no,,,,,WASHINGTON UNIVERSITY IN ST. LOUIS,SRA1155924,,public,62056956E5048B3BCD49C299FC6ACAEB,0054BFB5F6A3D5B7B8A2F5A2825D3A93
SRR13060264,2020-11-14 10:24:13,2020-11-14 10:20:28,1622208,441738240,1622208,272,175,,https://sra-downloadb.be-md.ncbi.nlm.nih.gov/sos3/sra-pub-zq-24/SRR013/13060/SRR13060264/SRR13060264.lite.1,SRX9508351,NS500153:A10.1.60_wgs,WGS,RANDOM,METAGENOMIC,PAIRED,0,0,ILLUMINA,Illumina HiSeq 2000,SRP292558,PRJNA674880,,674880,SRS7716889,SAMN16679028,simple,408170,human gut metagenome,A10.1.60_wgs,,,,,,,no,,,,,WASHINGTON UNIVERSITY IN ST. LOUIS,SRA1155924,,public,98F248907FBF0182B82E93B7AFD98194,3EC3C8739BE69B3AAC66466C648F7091
SRR13060263,2020-11-14 10:24:13,2020-11-14 10:20:10,1218866,334119981,1218866,274,131,,https://sra-downloadb.be-md.ncbi.nlm.nih.gov/sos3/sra-pub-zq-24/SRR013/13060/SRR13060263/SRR13060263.lite.1,SRX9508352,NS500153:A10.1.7_wgs,WGS,RANDOM,METAGENOMIC,PAIRED,0,0,ILLUMINA,Illumina HiSeq 2000,SRP292558,PRJNA674880,,674880,SRS7716890,SAMN16679029,simple,408170,human gut metagenome,A10.1.7_wgs,,,,,,,no,,,,,WASHINGTON UNIVERSITY IN ST. LOUIS,SRA1155924,,public,5DE82DD05B89216D10678BC1E8FDEA8D,144E2E16A7A5D0D73860F7B7FAB84968
SRR13060262,2020-11-14 10:24:13,2020-11-14 10:19:49,260154,70943233,260154,272,28,,https://sra-downloadb.be-md.ncbi.nlm.nih.gov/sos3/sra-pub-zq-24/SRR013/13060/SRR13060262/SRR13060262.lite.1,SRX9508353,NS500153:A10.2.0_wgs,WGS,RANDOM,METAGENOMIC,PAIRED,0,0,ILLUMINA,Illumina HiSeq 2000,SRP292558,PRJNA674880,,674880,SRS7716891,SAMN16679030,simple,408170,human gut metagenome,A10.2.0_wgs,,,,,,,no,,,,,WASHINGTON UNIVERSITY IN ST. LOUIS,SRA1155924,,public,2AA6F2A65259C2D870BF644AEF1BBC8F,9BAB21E727D575E737D47FCD252818B3
SRR13060261,2020-11-14 10:24:13,2020-11-14 10:20:20,1293479,349836283,1293479,270,142,,https://sra-downloadb.be-md.ncbi.nlm.nih.gov/sos3/sra-pub-zq-24/SRR013/13060/SRR13060261/SRR13060261.lite.1,SRX9508354,NS500153:A10.2.30_wgs,WGS,RANDOM,METAGENOMIC,PAIRED,0,0,ILLUMINA,Illumina HiSeq 2000,SRP292558,PRJNA674880,,674880,SRS7716892,SAMN16679031,simple,408170,human gut metagenome,A10.2.30_wgs,,,,,,,no,,,,,WASHINGTON UNIVERSITY IN ST. LOUIS,SRA1155924,,public,AE563050187D6C5D52405B23B1E6E0FA,F5425207CB5C7587F36C0239421F1710
SRR13060260,2020-11-14 10:24:13,2020-11-14 10:20:23,1090370,296021715,1090370,271,119,,https://sra-downloadb.be-md.ncbi.nlm.nih.gov/sos3/sra-pub-zq-24/SRR013/13060/SRR13060260/SRR13060260.lite.1,SRX9508355,NS500153:A10.2.7_wgs,WGS,RANDOM,METAGENOMIC,PAIRED,0,0,ILLUMINA,Illumina HiSeq 2000,SRP292558,PRJNA674880,,674880,SRS7716893,SAMN16679032,simple,408170,human gut metagenome,A10.2.7_wgs,,,,,,,no,,,,,WASHINGTON UNIVERSITY IN ST. LOUIS,SRA1155924,,public,9D5F54B23B9E37D40040526B50B25F35,C651951846BB730E77FA83123BF4C8E5
SRR13060268,2020-11-14 10:24:13,2020-11-14 10:21:10,1877861,510917983,1877861,272,202,,https://sra-downloadb.be-md.ncbi.nlm.nih.gov/sos3/sra-pub-zq-24/SRR013/13060/SRR13060268/SRR13060268.lite.1,SRX9508347,NS500153:5.2.DS_wgs,WGS,RANDOM,METAGENOMIC,PAIRED,0,0,ILLUMINA,Illumina HiSeq 2000,SRP292558,PRJNA674880,,674880,SRS7716885,SAMN16679024,simple,408170,human gut metagenome,5.2.DS_wgs,,,,,,,no,,,,,WASHINGTON UNIVERSITY IN ST. LOUIS,SRA1155924,,public,299154BD36FECE3DF018AB5C2A87C084,6FCE8E119DA55EBBD9C3DA405E4F3283
SRR13060267,2020-11-14 10:24:13,2020-11-14 10:20:35,1315740,357307562,1315740,271,144,,https://sra-downloadb.be-md.ncbi.nlm.nih.gov/sos3/sra-pub-zq-22/SRR013/13060/SRR13060267/SRR13060267.lite.1,SRX9508348,NS500153:5.3.DP_wgs,WGS,RANDOM,METAGENOMIC,PAIRED,0,0,ILLUMINA,Illumina HiSeq 2000,SRP292558,PRJNA674880,,674880,SRS7716886,SAMN16679025,simple,408170,human gut metagenome,5.3.DP_wgs,,,,,,,no,,,,,WASHINGTON UNIVERSITY IN ST. LOUIS,SRA1155924,,public,EA3EF4AA40F828106C5401024D3B0E67,0EDF4FB4CA2A95CEB701C0DC3D36A6FF
SRR13060266,2020-11-14 10:24:13,2020-11-14 10:20:34,1202057,327889124,1202057,272,130,,https://sra-downloadb.be-md.ncbi.nlm.nih.gov/sos3/sra-pub-zq-24/SRR013/13060/SRR13060266/SRR13060266.lite.1,SRX9508349,NS500153:5.3.DS_wgs,WGS,RANDOM,METAGENOMIC,PAIRED,0,0,ILLUMINA,Illumina HiSeq 2000,SRP292558,PRJNA674880,,674880,SRS7716887,SAMN16679026,simple,408170,human gut metagenome,5.3.DS_wgs,,,,,,,no,,,,,WASHINGTON UNIVERSITY IN ST. LOUIS,SRA1155924,,public,C2102AF01C54CF25929AD4A86D40F44B,AC7F4E8775132419532CD264BF744E24
SRR13060265,2020-11-14 10:24:13,2020-11-14 10:20:52,1643129,445565319,1643129,271,178,,https://sra-downloadb.be-md.ncbi.nlm.nih.gov/sos3/sra-pub-zq-22/SRR013/13060/SRR13060265/SRR13060265.lite.1,SRX9508350,NS500153:A10.1.0_wgs,WGS,RANDOM,METAGENOMIC,PAIRED,0,0,ILLUMINA,Illumina HiSeq 2000,SRP292558,PRJNA674880,,674880,SRS7716888,SAMN16679027,simple,408170,human gut metagenome,A10.1.0_wgs,,,,,,,no,,,,,WASHINGTON UNIVERSITY IN ST. LOUIS,SRA1155924,,public,65CC8875404CB78D8F77426AC3B60DC3,E67EE3408050B79B67FD965A8A5C3F5B
SRR13060269,2020-11-23 15:17:16,2020-11-23 15:14:43,8,1900,2,237,0,,https://sra-downloadb.be-md.ncbi.nlm.nih.gov/sos2/sra-pub-zq-18/SRR013/13060/SRR13060269/SRR13060269.lite.1,SRX9508346,NB501065:S85_synthetic16S,AMPLICON,PCR,GENOMIC,PAIRED,0,0,ILLUMINA,NextSeq 500,SRP292558,PRJNA674880,,674880,SRS7716884,SAMN16679390,simple,408170,human gut metagenome,S85_synthetic16S,,,,,,,no,,,,,WASHINGTON UNIVERSITY IN ST. LOUIS,SRA1155924,,public,406F6DB9BE044B34D53BFC430427AB13,637EACBE515EADC674C7DDE0EC345D8B
SRR13060274,2020-11-23 15:18:36,2020-11-23 15:14:32,8,1900,2,237,0,,https://sra-downloadb.be-md.ncbi.nlm.nih.gov/sos2/sra-pub-zq-18/SRR013/13060/SRR13060274/SRR13060274.lite.1,SRX9508341,NB501065:S46_synthetic16S,AMPLICON,PCR,GENOMIC,PAIRED,0,0,ILLUMINA,NextSeq 500,SRP292558,PRJNA674880,,674880,SRS7716879,SAMN16679385,simple,408170,human gut metagenome,S46_synthetic16S,,,,,,,no,,,,,WASHINGTON UNIVERSITY IN ST. LOUIS,SRA1155924,,public,406F6DB9BE044B34D53BFC430427AB13,637EACBE515EADC674C7DDE0EC345D8B
SRR13060272,2020-11-23 15:18:36,2020-11-23 15:14:31,8,1900,2,237,0,,https://sra-downloadb.be-md.ncbi.nlm.nih.gov/sos2/sra-pub-zq-18/SRR013/13060/SRR13060272/SRR13060272.lite.1,SRX9508343,NB501065:S54_synthetic16S,AMPLICON,PCR,GENOMIC,PAIRED,0,0,ILLUMINA,NextSeq 500,SRP292558,PRJNA674880,,674880,SRS7716881,SAMN16679387,simple,408170,human gut metagenome,S54_synthetic16S,,,,,,,no,,,,,WASHINGTON UNIVERSITY IN ST. LOUIS,SRA1155924,,public,406F6DB9BE044B34D53BFC430427AB13,637EACBE515EADC674C7DDE0EC345D8B
SRR13060271,2020-11-23 15:18:36,2020-11-23 15:14:31,8,1900,2,237,0,,https://sra-downloadb.be-md.ncbi.nlm.nih.gov/sos2/sra-pub-zq-18/SRR013/13060/SRR13060271/SRR13060271.lite.1,SRX9508344,NB501065:S55_synthetic16S,AMPLICON,PCR,GENOMIC,PAIRED,0,0,ILLUMINA,NextSeq 500,SRP292558,PRJNA674880,,674880,SRS7716882,SAMN16679388,simple,408170,human gut metagenome,S55_synthetic16S,,,,,,,no,,,,,WASHINGTON UNIVERSITY IN ST. LOUIS,SRA1155924,,public,406F6DB9BE044B34D53BFC430427AB13,637EACBE515EADC674C7DDE0EC345D8B
SRR13060273,2020-11-23 15:18:36,2020-11-23 15:14:37,8,1900,2,237,0,,https://sra-downloadb.be-md.ncbi.nlm.nih.gov/sos2/sra-pub-zq-18/SRR013/13060/SRR13060273/SRR13060273.lite.1,SRX9508342,NB501065:S5_synthetic16S,AMPLICON,PCR,GENOMIC,PAIRED,0,0,ILLUMINA,NextSeq 500,SRP292558,PRJNA674880,,674880,SRS7716880,SAMN16679386,simple,408170,human gut metagenome,S5_synthetic16S,,,,,,,no,,,,,WASHINGTON UNIVERSITY IN ST. LOUIS,SRA1155924,,public,406F6DB9BE044B34D53BFC430427AB13,637EACBE515EADC674C7DDE0EC345D8B
SRR13060270,2020-11-23 15:18:36,2020-11-23 15:14:31,8,1900,2,237,0,,https://sra-downloadb.be-md.ncbi.nlm.nih.gov/sos2/sra-pub-zq-18/SRR013/13060/SRR13060270/SRR13060270.lite.1,SRX9508345,NB501065:S69_synthetic16S,AMPLICON,PCR,GENOMIC,PAIRED,0,0,ILLUMINA,NextSeq 500,SRP292558,PRJNA674880,,674880,SRS7716883,SAMN16679389,simple,408170,human gut metagenome,S69_synthetic16S,,,,,,,no,,,,,WASHINGTON UNIVERSITY IN ST. LOUIS,SRA1155924,,public,406F6DB9BE044B34D53BFC430427AB13,637EACBE515EADC674C7DDE0EC345D8B
SRR13060277,2020-11-14 10:24:12,2020-11-14 10:20:09,570154,152897127,570154,268,63,,https://sra-downloadb.be-md.ncbi.nlm.nih.gov/sos3/sra-pub-zq-24/SRR013/13060/SRR13060277/SRR13060277.lite.1,SRX9508338,NS500153:1.3.DP_wgs,WGS,RANDOM,METAGENOMIC,PAIRED,0,0,ILLUMINA,Illumina HiSeq 2000,SRP292558,PRJNA674880,,674880,SRS7716876,SAMN16678987,simple,408170,human gut metagenome,1.3.DP_wgs,,,,,,,no,,,,,WASHINGTON UNIVERSITY IN ST. LOUIS,SRA1155924,,public,6E92FC4F7C18A0183876880470BC0EC7,BE147221A93D39CFCF4F5D4849980753
SRR13060276,2020-11-14 10:24:13,2020-11-14 10:20:10,526317,139277465,526317,264,59,,https://sra-downloadb.be-md.ncbi.nlm.nih.gov/sos3/sra-pub-zq-24/SRR013/13060/SRR13060276/SRR13060276.lite.1,SRX9508339,NS500153:5.2.DP_wgs,WGS,RANDOM,METAGENOMIC,PAIRED,0,0,ILLUMINA,Illumina HiSeq 2000,SRP292558,PRJNA674880,,674880,SRS7716878,SAMN16679023,simple,408170,human gut metagenome,5.2.DP_wgs,,,,,,,no,,,,,WASHINGTON UNIVERSITY IN ST. LOUIS,SRA1155924,,public,C3361739D19F8B04CF4B2AF5EA3DAF15,15124860FC6C71A0280C6C5E54DF311E
SRR13060279,2020-11-23 15:17:16,2020-11-23 15:14:32,8,1900,2,237,0,,https://sra-downloadb.be-md.ncbi.nlm.nih.gov/sos2/sra-pub-zq-18/SRR013/13060/SRR13060279/SRR13060279.lite.1,SRX9508336,NB501065:S29_synthetic16S,AMPLICON,PCR,GENOMIC,PAIRED,0,0,ILLUMINA,NextSeq 500,SRP292558,PRJNA674880,,674880,SRS7716875,SAMN16679382,simple,408170,human gut metagenome,S29_synthetic16S,,,,,,,no,,,,,WASHINGTON UNIVERSITY IN ST. LOUIS,SRA1155924,,public,406F6DB9BE044B34D53BFC430427AB13,637EACBE515EADC674C7DDE0EC345D8B
SRR13060278,2020-11-23 15:18:36,2020-11-23 15:14:37,8,1900,2,237,0,,https://sra-downloadb.be-md.ncbi.nlm.nih.gov/sos2/sra-pub-zq-18/SRR013/13060/SRR13060278/SRR13060278.lite.1,SRX9508337,NB501065:S32_synthetic16S,AMPLICON,PCR,GENOMIC,PAIRED,0,0,ILLUMINA,NextSeq 500,SRP292558,PRJNA674880,,674880,SRS7716874,SAMN16679383,simple,408170,human gut metagenome,S32_synthetic16S,,,,,,,no,,,,,WASHINGTON UNIVERSITY IN ST. LOUIS,SRA1155924,,public,406F6DB9BE044B34D53BFC430427AB13,637EACBE515EADC674C7DDE0EC345D8B
SRR13060275,2020-11-23 15:17:16,2020-11-23 15:14:36,8,1900,2,237,0,,https://sra-downloadb.be-md.ncbi.nlm.nih.gov/sos2/sra-pub-zq-18/SRR013/13060/SRR13060275/SRR13060275.lite.1,SRX9508340,NB501065:S44_synthetic16S,AMPLICON,PCR,GENOMIC,PAIRED,0,0,ILLUMINA,NextSeq 500,SRP292558,PRJNA674880,,674880,SRS7716877,SAMN16679384,simple,408170,human gut metagenome,S44_synthetic16S,,,,,,,no,,,,,WASHINGTON UNIVERSITY IN ST. LOUIS,SRA1155924,,public,406F6DB9BE044B34D53BFC430427AB13,637EACBE515EADC674C7DDE0EC345D8B
SRR13060283,2020-11-23 15:18:36,2020-11-23 15:14:37,8,1900,2,237,0,,https://sra-downloadb.be-md.ncbi.nlm.nih.gov/sos2/sra-pub-zq-18/SRR013/13060/SRR13060283/SRR13060283.lite.1,SRX9508332,NB501065:S181_synthetic16S,AMPLICON,PCR,GENOMIC,PAIRED,0,0,ILLUMINA,NextSeq 500,SRP292558,PRJNA674880,,674880,SRS7716870,SAMN16679378,simple,408170,human gut metagenome,S181_synthetic16S,,,,,,,no,,,,,WASHINGTON UNIVERSITY IN ST. LOUIS,SRA1155924,,public,406F6DB9BE044B34D53BFC430427AB13,637EACBE515EADC674C7DDE0EC345D8B
SRR13060282,2020-11-23 15:17:16,2020-11-23 15:14:32,8,1900,2,237,0,,https://sra-downloadb.be-md.ncbi.nlm.nih.gov/sos2/sra-pub-zq-18/SRR013/13060/SRR13060282/SRR13060282.lite.1,SRX9508333,NB501065:S183_synthetic16S,AMPLICON,PCR,GENOMIC,PAIRED,0,0,ILLUMINA,NextSeq 500,SRP292558,PRJNA674880,,674880,SRS7716872,SAMN16679379,simple,408170,human gut metagenome,S183_synthetic16S,,,,,,,no,,,,,WASHINGTON UNIVERSITY IN ST. LOUIS,SRA1155924,,public,406F6DB9BE044B34D53BFC430427AB13,637EACBE515EADC674C7DDE0EC345D8B
SRR13060284,2020-11-23 15:17:16,2020-11-23 15:14:36,8,1900,2,237,0,,https://sra-downloadb.be-md.ncbi.nlm.nih.gov/sos2/sra-pub-zq-18/SRR013/13060/SRR13060284/SRR13060284.lite.1,SRX9508331,NB501065:S18_synthetic16S,AMPLICON,PCR,GENOMIC,PAIRED,0,0,ILLUMINA,NextSeq 500,SRP292558,PRJNA674880,,674880,SRS7716869,SAMN16679377,simple,408170,human gut metagenome,S18_synthetic16S,,,,,,,no,,,,,WASHINGTON UNIVERSITY IN ST. LOUIS,SRA1155924,,public,406F6DB9BE044B34D53BFC430427AB13,637EACBE515EADC674C7DDE0EC345D8B
SRR13060280,2020-11-23 15:18:36,2020-11-23 15:14:37,8,1900,2,237,0,,https://sra-downloadb.be-md.ncbi.nlm.nih.gov/sos2/sra-pub-zq-18/SRR013/13060/SRR13060280/SRR13060280.lite.1,SRX9508335,NB501065:S22_synthetic16S,AMPLICON,PCR,GENOMIC,PAIRED,0,0,ILLUMINA,NextSeq 500,SRP292558,PRJNA674880,,674880,SRS7716873,SAMN16679381,simple,408170,human gut metagenome,S22_synthetic16S,,,,,,,no,,,,,WASHINGTON UNIVERSITY IN ST. LOUIS,SRA1155924,,public,406F6DB9BE044B34D53BFC430427AB13,637EACBE515EADC674C7DDE0EC345D8B
SRR13060281,2020-11-23 15:17:16,2020-11-23 15:14:43,8,1900,2,237,0,,https://sra-downloadb.be-md.ncbi.nlm.nih.gov/sos2/sra-pub-zq-18/SRR013/13060/SRR13060281/SRR13060281.lite.1,SRX9508334,NB501065:S2_synthetic16S,AMPLICON,PCR,GENOMIC,PAIRED,0,0,ILLUMINA,NextSeq 500,SRP292558,PRJNA674880,,674880,SRS7716871,SAMN16679380,simple,408170,human gut metagenome,S2_synthetic16S,,,,,,,no,,,,,WASHINGTON UNIVERSITY IN ST. LOUIS,SRA1155924,,public,406F6DB9BE044B34D53BFC430427AB13,637EACBE515EADC674C7DDE0EC345D8B
SRR13060288,2020-11-14 10:24:12,2020-11-14 10:20:59,2001415,546173098,2001415,272,214,,https://sra-downloadb.be-md.ncbi.nlm.nih.gov/sos3/sra-pub-zq-24/SRR013/13060/SRR13060288/SRR13060288.lite.1,SRX9508327,NS500153:4.9.DS_wgs,WGS,RANDOM,METAGENOMIC,PAIRED,0,0,ILLUMINA,Illumina HiSeq 2000,SRP292558,PRJNA674880,,674880,SRS7716866,SAMN16679022,simple,408170,human gut metagenome,4.9.DS_wgs,,,,,,,no,,,,,WASHINGTON UNIVERSITY IN ST. LOUIS,SRA1155924,,public,C09CBCD6EA8F7574A6517FFCB562BC92,197761C4889FC14A3073F936EFD20864
SRR13060289,2020-11-23 15:18:36,2020-11-23 15:14:36,8,1900,2,237,0,,https://sra-downloadb.be-md.ncbi.nlm.nih.gov/sos2/sra-pub-zq-18/SRR013/13060/SRR13060289/SRR13060289.lite.1,SRX9508326,NB501065:S165_synthetic16S,AMPLICON,PCR,GENOMIC,PAIRED,0,0,ILLUMINA,NextSeq 500,SRP292558,PRJNA674880,,674880,SRS7716864,SAMN16679373,simple,408170,human gut metagenome,S165_synthetic16S,,,,,,,no,,,,,WASHINGTON UNIVERSITY IN ST. LOUIS,SRA1155924,,public,406F6DB9BE044B34D53BFC430427AB13,637EACBE515EADC674C7DDE0EC345D8B
SRR13060287,2020-11-23 15:18:36,2020-11-23 15:14:37,8,1900,2,237,0,,https://sra-downloadb.be-md.ncbi.nlm.nih.gov/sos2/sra-pub-zq-18/SRR013/13060/SRR13060287/SRR13060287.lite.1,SRX9508328,NB501065:S171_synthetic16S,AMPLICON,PCR,GENOMIC,PAIRED,0,0,ILLUMINA,NextSeq 500,SRP292558,PRJNA674880,,674880,SRS7716865,SAMN16679374,simple,408170,human gut metagenome,S171_synthetic16S,,,,,,,no,,,,,WASHINGTON UNIVERSITY IN ST. LOUIS,SRA1155924,,public,406F6DB9BE044B34D53BFC430427AB13,637EACBE515EADC674C7DDE0EC345D8B
SRR13060286,2020-11-23 15:17:16,2020-11-23 15:14:44,8,1900,2,237,0,,https://sra-downloadb.be-md.ncbi.nlm.nih.gov/sos2/sra-pub-zq-18/SRR013/13060/SRR13060286/SRR13060286.lite.1,SRX9508329,NB501065:S173_synthetic16S,AMPLICON,PCR,GENOMIC,PAIRED,0,0,ILLUMINA,NextSeq 500,SRP292558,PRJNA674880,,674880,SRS7716867,SAMN16679375,simple,408170,human gut metagenome,S173_synthetic16S,,,,,,,no,,,,,WASHINGTON UNIVERSITY IN ST. LOUIS,SRA1155924,,public,406F6DB9BE044B34D53BFC430427AB13,637EACBE515EADC674C7DDE0EC345D8B
SRR13060285,2020-11-23 15:18:36,2020-11-23 15:14:37,8,1900,2,237,0,,https://sra-downloadb.be-md.ncbi.nlm.nih.gov/sos2/sra-pub-zq-18/SRR013/13060/SRR13060285/SRR13060285.lite.1,SRX9508330,NB501065:S177_synthetic16S,AMPLICON,PCR,GENOMIC,PAIRED,0,0,ILLUMINA,NextSeq 500,SRP292558,PRJNA674880,,674880,SRS7716868,SAMN16679376,simple,408170,human gut metagenome,S177_synthetic16S,,,,,,,no,,,,,WASHINGTON UNIVERSITY IN ST. LOUIS,SRA1155924,,public,406F6DB9BE044B34D53BFC430427AB13,637EACBE515EADC674C7DDE0EC345D8B
SRR13060294,2020-11-23 15:17:16,2020-11-23 15:14:38,8,1900,2,237,0,,https://sra-downloadb.be-md.ncbi.nlm.nih.gov/sos2/sra-pub-zq-18/SRR013/13060/SRR13060294/SRR13060294.lite.1,SRX9508321,NB501065:S153_synthetic16S,AMPLICON,PCR,GENOMIC,PAIRED,0,0,ILLUMINA,NextSeq 500,SRP292558,PRJNA674880,,674880,SRS7716860,SAMN16679368,simple,408170,human gut metagenome,S153_synthetic16S,,,,,,,no,,,,,WASHINGTON UNIVERSITY IN ST. LOUIS,SRA1155924,,public,406F6DB9BE044B34D53BFC430427AB13,637EACBE515EADC674C7DDE0EC345D8B
SRR13060293,2020-11-23 15:19:32,2020-11-23 15:14:40,8,1900,2,237,0,,https://sra-downloadb.be-md.ncbi.nlm.nih.gov/sos2/sra-pub-zq-18/SRR013/13060/SRR13060293/SRR13060293.lite.1,SRX9508322,NB501065:S157_synthetic16S,AMPLICON,PCR,GENOMIC,PAIRED,0,0,ILLUMINA,NextSeq 500,SRP292558,PRJNA674880,,674880,SRS7716859,SAMN16679369,simple,408170,human gut metagenome,S157_synthetic16S,,,,,,,no,,,,,WASHINGTON UNIVERSITY IN ST. LOUIS,SRA1155924,,public,406F6DB9BE044B34D53BFC430427AB13,637EACBE515EADC674C7DDE0EC345D8B
SRR13060292,2020-11-23 15:18:36,2020-11-23 15:14:36,8,1900,2,237,0,,https://sra-downloadb.be-md.ncbi.nlm.nih.gov/sos2/sra-pub-zq-18/SRR013/13060/SRR13060292/SRR13060292.lite.1,SRX9508323,NB501065:S159_synthetic16S,AMPLICON,PCR,GENOMIC,PAIRED,0,0,ILLUMINA,NextSeq 500,SRP292558,PRJNA674880,,674880,SRS7716861,SAMN16679370,simple,408170,human gut metagenome,S159_synthetic16S,,,,,,,no,,,,,WASHINGTON UNIVERSITY IN ST. LOUIS,SRA1155924,,public,406F6DB9BE044B34D53BFC430427AB13,637EACBE515EADC674C7DDE0EC345D8B
SRR13060291,2020-11-23 15:17:16,2020-11-23 15:14:39,8,1900,2,237,0,,https://sra-downloadb.be-md.ncbi.nlm.nih.gov/sos2/sra-pub-zq-18/SRR013/13060/SRR13060291/SRR13060291.lite.1,SRX9508324,NB501065:S161_synthetic16S,AMPLICON,PCR,GENOMIC,PAIRED,0,0,ILLUMINA,NextSeq 500,SRP292558,PRJNA674880,,674880,SRS7716863,SAMN16679371,simple,408170,human gut metagenome,S161_synthetic16S,,,,,,,no,,,,,WASHINGTON UNIVERSITY IN ST. LOUIS,SRA1155924,,public,406F6DB9BE044B34D53BFC430427AB13,637EACBE515EADC674C7DDE0EC345D8B
SRR13060290,2020-11-23 15:18:36,2020-11-23 15:14:36,8,1900,2,237,0,,https://sra-downloadb.be-md.ncbi.nlm.nih.gov/sos2/sra-pub-zq-18/SRR013/13060/SRR13060290/SRR13060290.lite.1,SRX9508325,NB501065:S163_synthetic16S,AMPLICON,PCR,GENOMIC,PAIRED,0,0,ILLUMINA,NextSeq 500,SRP292558,PRJNA674880,,674880,SRS7716862,SAMN16679372,simple,408170,human gut metagenome,S163_synthetic16S,,,,,,,no,,,,,WASHINGTON UNIVERSITY IN ST. LOUIS,SRA1155924,,public,406F6DB9BE044B34D53BFC430427AB13,637EACBE515EADC674C7DDE0EC345D8B
SRR13060299,2020-11-14 10:24:12,2020-11-14 10:21:52,3567965,979768472,3567965,274,376,,https://sra-downloadb.be-md.ncbi.nlm.nih.gov/sos3/sra-pub-zq-22/SRR013/13060/SRR13060299/SRR13060299.lite.1,SRX9508316,NS500153:4.9.DP_wgs,WGS,RANDOM,METAGENOMIC,PAIRED,0,0,ILLUMINA,Illumina HiSeq 2000,SRP292558,PRJNA674880,,674880,SRS7716853,SAMN16679021,simple,408170,human gut metagenome,4.9.DP_wgs,,,,,,,no,,,,,WASHINGTON UNIVERSITY IN ST. LOUIS,SRA1155924,,public,BD19E85BA4F9062220596E9A1DCCD0A1,2FEAC3F54EB2447FC2F0F6585540145C
SRR13060298,2020-11-23 15:18:36,2020-11-23 15:14:40,8,1900,2,237,0,,https://sra-downloadb.be-md.ncbi.nlm.nih.gov/sos2/sra-pub-zq-18/SRR013/13060/SRR13060298/SRR13060298.lite.1,SRX9508317,NB501065:S133_synthetic16S,AMPLICON,PCR,GENOMIC,PAIRED,0,0,ILLUMINA,NextSeq 500,SRP292558,PRJNA674880,,674880,SRS7716855,SAMN16679364,simple,408170,human gut metagenome,S133_synthetic16S,,,,,,,no,,,,,WASHINGTON UNIVERSITY IN ST. LOUIS,SRA1155924,,public,406F6DB9BE044B34D53BFC430427AB13,637EACBE515EADC674C7DDE0EC345D8B
SRR13060297,2020-11-23 15:18:36,2020-11-23 15:14:37,8,1900,2,237,0,,https://sra-downloadb.be-md.ncbi.nlm.nih.gov/sos2/sra-pub-zq-18/SRR013/13060/SRR13060297/SRR13060297.lite.1,SRX9508318,NB501065:S141_synthetic16S,AMPLICON,PCR,GENOMIC,PAIRED,0,0,ILLUMINA,NextSeq 500,SRP292558,PRJNA674880,,674880,SRS7716857,SAMN16679365,simple,408170,human gut metagenome,S141_synthetic16S,,,,,,,no,,,,,WASHINGTON UNIVERSITY IN ST. LOUIS,SRA1155924,,public,406F6DB9BE044B34D53BFC430427AB13,637EACBE515EADC674C7DDE0EC345D8B
SRR13060296,2020-11-23 15:18:36,2020-11-23 15:14:39,8,1900,2,237,0,,https://sra-downloadb.be-md.ncbi.nlm.nih.gov/sos2/sra-pub-zq-18/SRR013/13060/SRR13060296/SRR13060296.lite.1,SRX9508319,NB501065:S145_synthetic16S,AMPLICON,PCR,GENOMIC,PAIRED,0,0,ILLUMINA,NextSeq 500,SRP292558,PRJNA674880,,674880,SRS7716856,SAMN16679366,simple,408170,human gut metagenome,S145_synthetic16S,,,,,,,no,,,,,WASHINGTON UNIVERSITY IN ST. LOUIS,SRA1155924,,public,406F6DB9BE044B34D53BFC430427AB13,637EACBE515EADC674C7DDE0EC345D8B
SRR13060295,2020-11-23 15:18:36,2020-11-23 15:14:36,8,1900,2,237,0,,https://sra-downloadb.be-md.ncbi.nlm.nih.gov/sos2/sra-pub-zq-18/SRR013/13060/SRR13060295/SRR13060295.lite.1,SRX9508320,NB501065:S149_synthetic16S,AMPLICON,PCR,GENOMIC,PAIRED,0,0,ILLUMINA,NextSeq 500,SRP292558,PRJNA674880,,674880,SRS7716858,SAMN16679367,simple,408170,human gut metagenome,S149_synthetic16S,,,,,,,no,,,,,WASHINGTON UNIVERSITY IN ST. LOUIS,SRA1155924,,public,406F6DB9BE044B34D53BFC430427AB13,637EACBE515EADC674C7DDE0EC345D8B
SRR13060304,2020-11-23 15:18:36,2020-11-23 15:14:36,8,1900,2,237,0,,https://sra-downloadb.be-md.ncbi.nlm.nih.gov/sos2/sra-pub-zq-18/SRR013/13060/SRR13060304/SRR13060304.lite.1,SRX9508311,NB501065:S117_synthetic16S,AMPLICON,PCR,GENOMIC,PAIRED,0,0,ILLUMINA,NextSeq 500,SRP292558,PRJNA674880,,674880,SRS7716849,SAMN16679359,simple,408170,human gut metagenome,S117_synthetic16S,,,,,,,no,,,,,WASHINGTON UNIVERSITY IN ST. LOUIS,SRA1155924,,public,406F6DB9BE044B34D53BFC430427AB13,637EACBE515EADC674C7DDE0EC345D8B
SRR13060303,2020-11-23 15:17:16,2020-11-23 15:14:37,8,1900,2,237,0,,https://sra-downloadb.be-md.ncbi.nlm.nih.gov/sos2/sra-pub-zq-18/SRR013/13060/SRR13060303/SRR13060303.lite.1,SRX9508312,NB501065:S123_synthetic16S,AMPLICON,PCR,GENOMIC,PAIRED,0,0,ILLUMINA,NextSeq 500,SRP292558,PRJNA674880,,674880,SRS7716851,SAMN16679360,simple,408170,human gut metagenome,S123_synthetic16S,,,,,,,no,,,,,WASHINGTON UNIVERSITY IN ST. LOUIS,SRA1155924,,public,406F6DB9BE044B34D53BFC430427AB13,637EACBE515EADC674C7DDE0EC345D8B
SRR13060302,2020-11-23 15:17:16,2020-11-23 15:14:47,8,1900,2,237,0,,https://sra-downloadb.be-md.ncbi.nlm.nih.gov/sos2/sra-pub-zq-18/SRR013/13060/SRR13060302/SRR13060302.lite.1,SRX9508313,NB501065:S125_synthetic16S,AMPLICON,PCR,GENOMIC,PAIRED,0,0,ILLUMINA,NextSeq 500,SRP292558,PRJNA674880,,674880,SRS7716850,SAMN16679361,simple,408170,human gut metagenome,S125_synthetic16S,,,,,,,no,,,,,WASHINGTON UNIVERSITY IN ST. LOUIS,SRA1155924,,public,406F6DB9BE044B34D53BFC430427AB13,637EACBE515EADC674C7DDE0EC345D8B
SRR13060301,2020-11-23 15:18:36,2020-11-23 15:14:41,8,1900,2,237,0,,https://sra-downloadb.be-md.ncbi.nlm.nih.gov/sos2/sra-pub-zq-18/SRR013/13060/SRR13060301/SRR13060301.lite.1,SRX9508314,NB501065:S129_synthetic16S,AMPLICON,PCR,GENOMIC,PAIRED,0,0,ILLUMINA,NextSeq 500,SRP292558,PRJNA674880,,674880,SRS7716852,SAMN16679362,simple,408170,human gut metagenome,S129_synthetic16S,,,,,,,no,,,,,WASHINGTON UNIVERSITY IN ST. LOUIS,SRA1155924,,public,406F6DB9BE044B34D53BFC430427AB13,637EACBE515EADC674C7DDE0EC345D8B
SRR13060300,2020-11-23 15:18:36,2020-11-23 15:14:38,8,1900,2,237,0,,https://sra-downloadb.be-md.ncbi.nlm.nih.gov/sos2/sra-pub-zq-18/SRR013/13060/SRR13060300/SRR13060300.lite.1,SRX9508315,NB501065:S131_synthetic16S,AMPLICON,PCR,GENOMIC,PAIRED,0,0,ILLUMINA,NextSeq 500,SRP292558,PRJNA674880,,674880,SRS7716854,SAMN16679363,simple,408170,human gut metagenome,S131_synthetic16S,,,,,,,no,,,,,WASHINGTON UNIVERSITY IN ST. LOUIS,SRA1155924,,public,406F6DB9BE044B34D53BFC430427AB13,637EACBE515EADC674C7DDE0EC345D8B
SRR13060309,2020-11-23 15:18:35,2020-11-23 15:14:36,8,1900,2,237,0,,https://sra-downloadb.be-md.ncbi.nlm.nih.gov/sos2/sra-pub-zq-18/SRR013/13060/SRR13060309/SRR13060309.lite.1,SRX9508306,NB501065:S101_synthetic16S,AMPLICON,PCR,GENOMIC,PAIRED,0,0,ILLUMINA,NextSeq 500,SRP292558,PRJNA674880,,674880,SRS7716844,SAMN16679354,simple,408170,human gut metagenome,S101_synthetic16S,,,,,,,no,,,,,WASHINGTON UNIVERSITY IN ST. LOUIS,SRA1155924,,public,406F6DB9BE044B34D53BFC430427AB13,637EACBE515EADC674C7DDE0EC345D8B
SRR13060308,2020-11-23 15:17:15,2020-11-23 15:14:43,8,1900,2,237,0,,https://sra-downloadb.be-md.ncbi.nlm.nih.gov/sos2/sra-pub-zq-18/SRR013/13060/SRR13060308/SRR13060308.lite.1,SRX9508307,NB501065:S105_synthetic16S,AMPLICON,PCR,GENOMIC,PAIRED,0,0,ILLUMINA,NextSeq 500,SRP292558,PRJNA674880,,674880,SRS7716845,SAMN16679355,simple,408170,human gut metagenome,S105_synthetic16S,,,,,,,no,,,,,WASHINGTON UNIVERSITY IN ST. LOUIS,SRA1155924,,public,406F6DB9BE044B34D53BFC430427AB13,637EACBE515EADC674C7DDE0EC345D8B
SRR13060307,2020-11-23 15:17:15,2020-11-23 15:14:38,8,1900,2,237,0,,https://sra-downloadb.be-md.ncbi.nlm.nih.gov/sos2/sra-pub-zq-18/SRR013/13060/SRR13060307/SRR13060307.lite.1,SRX9508308,NB501065:S109_synthetic16S,AMPLICON,PCR,GENOMIC,PAIRED,0,0,ILLUMINA,NextSeq 500,SRP292558,PRJNA674880,,674880,SRS7716846,SAMN16679356,simple,408170,human gut metagenome,S109_synthetic16S,,,,,,,no,,,,,WASHINGTON UNIVERSITY IN ST. LOUIS,SRA1155924,,public,406F6DB9BE044B34D53BFC430427AB13,637EACBE515EADC674C7DDE0EC345D8B
SRR13060306,2020-11-23 15:18:36,2020-11-23 15:14:40,8,1900,2,237,0,,https://sra-downloadb.be-md.ncbi.nlm.nih.gov/sos2/sra-pub-zq-18/SRR013/13060/SRR13060306/SRR13060306.lite.1,SRX9508309,NB501065:S113_synthetic16S,AMPLICON,PCR,GENOMIC,PAIRED,0,0,ILLUMINA,NextSeq 500,SRP292558,PRJNA674880,,674880,SRS7716848,SAMN16679357,simple,408170,human gut metagenome,S113_synthetic16S,,,,,,,no,,,,,WASHINGTON UNIVERSITY IN ST. LOUIS,SRA1155924,,public,406F6DB9BE044B34D53BFC430427AB13,637EACBE515EADC674C7DDE0EC345D8B
SRR13060305,2020-11-23 15:18:36,2020-11-23 15:14:38,8,1900,2,237,0,,https://sra-downloadb.be-md.ncbi.nlm.nih.gov/sos2/sra-pub-zq-18/SRR013/13060/SRR13060305/SRR13060305.lite.1,SRX9508310,NB501065:S115_synthetic16S,AMPLICON,PCR,GENOMIC,PAIRED,0,0,ILLUMINA,NextSeq 500,SRP292558,PRJNA674880,,674880,SRS7716847,SAMN16679358,simple,408170,human gut metagenome,S115_synthetic16S,,,,,,,no,,,,,WASHINGTON UNIVERSITY IN ST. LOUIS,SRA1155924,,public,406F6DB9BE044B34D53BFC430427AB13,637EACBE515EADC674C7DDE0EC345D8B
SRR13060314,2020-11-14 10:24:12,2020-11-14 10:20:03,47467,18037460,47467,380,12,,https://sra-downloadb.be-md.ncbi.nlm.nih.gov/sos3/sra-pub-zq-24/SRR013/13060/SRR13060314/SRR13060314.lite.1,SRX9508301,M00175:A9.1.60_16S,AMPLICON,PCR,METAGENOMIC,PAIRED,0,0,ILLUMINA,Illumina MiSeq,SRP292558,PRJNA674880,,674880,SRS7716839,SAMN16679350,simple,408170,human gut metagenome,A9.1.60_16S,,,,,,,no,,,,,WASHINGTON UNIVERSITY IN ST. LOUIS,SRA1155924,,public,A7636A76D50160F1A2B2ED6448134239,3B4BD19DE817D78BA0FCA1AE91F31AB4
SRR13060313,2020-11-14 10:24:12,2020-11-14 10:20:11,35455,13472900,35455,380,9,,https://sra-downloadb.be-md.ncbi.nlm.nih.gov/sos2/sra-pub-zq-18/SRR013/13060/SRR13060313/SRR13060313.lite.1,SRX9508302,M00175:A9.1.7_16S,AMPLICON,PCR,METAGENOMIC,PAIRED,0,0,ILLUMINA,Illumina MiSeq,SRP292558,PRJNA674880,,674880,SRS7716840,SAMN16679351,simple,408170,human gut metagenome,A9.1.7_16S,,,,,,,no,,,,,WASHINGTON UNIVERSITY IN ST. LOUIS,SRA1155924,,public,B82947A9ACE7001C3314FD5DD5FF1465,C6888AC1FA0AE634D53C094F41114019
SRR13060312,2020-11-14 10:24:12,2020-11-14 10:19:42,9,3420,9,380,0,,https://sra-downloadb.be-md.ncbi.nlm.nih.gov/sos2/sra-pub-zq-18/SRR013/13060/SRR13060312/SRR13060312.lite.1,SRX9508303,M00175:NA_16S,AMPLICON,PCR,METAGENOMIC,PAIRED,0,0,ILLUMINA,Illumina MiSeq,SRP292558,PRJNA674880,,674880,SRS7716841,SAMN16679352,simple,408170,human gut metagenome,NA_16S,,,,,,,no,,,,,WASHINGTON UNIVERSITY IN ST. LOUIS,SRA1155924,,public,B2CE9B0455069756866385CD29EA417E,59D3213025E740A7AF382E4AB9AFAAAF
SRR13060311,2020-11-23 15:17:15,2020-11-23 15:14:36,8,1900,2,237,0,,https://sra-downloadb.be-md.ncbi.nlm.nih.gov/sos2/sra-pub-zq-18/SRR013/13060/SRR13060311/SRR13060311.lite.1,SRX9508304,NB501065:S10_synthetic16S,AMPLICON,PCR,GENOMIC,PAIRED,0,0,ILLUMINA,NextSeq 500,SRP292558,PRJNA674880,,674880,SRS7716842,SAMN16679353,simple,408170,human gut metagenome,S10_synthetic16S,,,,,,,no,,,,,WASHINGTON UNIVERSITY IN ST. LOUIS,SRA1155924,,public,406F6DB9BE044B34D53BFC430427AB13,637EACBE515EADC674C7DDE0EC345D8B
SRR13060310,2020-11-14 10:26:30,2020-11-14 10:23:34,6436440,1741545530,6436440,270,687,,https://sra-downloadb.be-md.ncbi.nlm.nih.gov/sos3/sra-pub-zq-24/SRR013/13060/SRR13060310/SRR13060310.lite.1,SRX9508305,NS500153:4.8.DS_wgs,WGS,RANDOM,METAGENOMIC,PAIRED,0,0,ILLUMINA,Illumina HiSeq 2000,SRP292558,PRJNA674880,,674880,SRS7716843,SAMN16679020,simple,408170,human gut metagenome,4.8.DS_wgs,,,,,,,no,,,,,WASHINGTON UNIVERSITY IN ST. LOUIS,SRA1155924,,public,C920898902EFD296DA2129CAF39933E6,C687EFE512DDE4577B46E5AE5DAF6B5C
SRR13060319,2020-11-14 10:24:12,2020-11-14 10:20:10,32494,12347720,32494,380,8,,https://sra-downloadb.be-md.ncbi.nlm.nih.gov/sos2/sra-pub-zq-18/SRR013/13060/SRR13060319/SRR13060319.lite.1,SRX9508296,M00175:A8.2.30_16S,AMPLICON,PCR,METAGENOMIC,PAIRED,0,0,ILLUMINA,Illumina MiSeq,SRP292558,PRJNA674880,,674880,SRS7716834,SAMN16679345,simple,408170,human gut metagenome,A8.2.30_16S,,,,,,,no,,,,,WASHINGTON UNIVERSITY IN ST. LOUIS,SRA1155924,,public,E723DB77DBA5A4E7D4DE1E470396847C,12FC694229E06986B7E227B3244632C6
SRR13060318,2020-11-14 10:24:12,2020-11-14 10:20:03,16489,6265820,16489,380,4,,https://sra-downloadb.be-md.ncbi.nlm.nih.gov/sos2/sra-pub-zq-18/SRR013/13060/SRR13060318/SRR13060318.lite.1,SRX9508297,M00175:A8.2.60_16S,AMPLICON,PCR,METAGENOMIC,PAIRED,0,0,ILLUMINA,Illumina MiSeq,SRP292558,PRJNA674880,,674880,SRS7716835,SAMN16679346,simple,408170,human gut metagenome,A8.2.60_16S,,,,,,,no,,,,,WASHINGTON UNIVERSITY IN ST. LOUIS,SRA1155924,,public,B88DF2D6D49EE6AFEB90992684E2F884,68D7CF2AE3615E0E45775421B53E5CCE
SRR13060317,2020-11-14 10:24:12,2020-11-14 10:20:04,14563,5533940,14563,380,3,,https://sra-downloadb.be-md.ncbi.nlm.nih.gov/sos2/sra-pub-zq-18/SRR013/13060/SRR13060317/SRR13060317.lite.1,SRX9508298,M00175:A9.1.0_16S,AMPLICON,PCR,METAGENOMIC,PAIRED,0,0,ILLUMINA,Illumina MiSeq,SRP292558,PRJNA674880,,674880,SRS7716836,SAMN16679347,simple,408170,human gut metagenome,A9.1.0_16S,,,,,,,no,,,,,WASHINGTON UNIVERSITY IN ST. LOUIS,SRA1155924,,public,EE5B8D36F7B2F0C11448BD4661B280EA,66C52CF38C960EBE8825AC7BC9E9174B
SRR13060316,2020-11-14 10:24:12,2020-11-14 10:20:04,33713,12810940,33713,380,8,,https://sra-downloadb.be-md.ncbi.nlm.nih.gov/sos2/sra-pub-zq-18/SRR013/13060/SRR13060316/SRR13060316.lite.1,SRX9508299,M00175:A9.1.180_16S,AMPLICON,PCR,METAGENOMIC,PAIRED,0,0,ILLUMINA,Illumina MiSeq,SRP292558,PRJNA674880,,674880,SRS7716837,SAMN16679348,simple,408170,human gut metagenome,A9.1.180_16S,,,,,,,no,,,,,WASHINGTON UNIVERSITY IN ST. LOUIS,SRA1155924,,public,49BEFC5481B1851F86FB7509942D45EA,11A23B77BE2D5F1258EFE43EF380FE37
SRR13060315,2020-11-14 10:24:12,2020-11-14 10:20:11,31711,12050180,31711,380,8,,https://sra-downloadb.be-md.ncbi.nlm.nih.gov/sos2/sra-pub-zq-18/SRR013/13060/SRR13060315/SRR13060315.lite.1,SRX9508300,M00175:A9.1.30_16S,AMPLICON,PCR,METAGENOMIC,PAIRED,0,0,ILLUMINA,Illumina MiSeq,SRP292558,PRJNA674880,,674880,SRS7716838,SAMN16679349,simple,408170,human gut metagenome,A9.1.30_16S,,,,,,,no,,,,,WASHINGTON UNIVERSITY IN ST. LOUIS,SRA1155924,,public,FB0262A0F2B88268D1C9C971F1599C10,659A2DAFF288E45B1173133EF1F77A21
SRR13060324,2020-11-14 10:24:12,2020-11-14 10:20:14,49670,18874600,49670,380,12,,https://sra-downloadb.be-md.ncbi.nlm.nih.gov/sos3/sra-pub-zq-24/SRR013/13060/SRR13060324/SRR13060324.lite.1,SRX9508291,M00175:A7.2.90_16S,AMPLICON,PCR,METAGENOMIC,PAIRED,0,0,ILLUMINA,Illumina MiSeq,SRP292558,PRJNA674880,,674880,SRS7716829,SAMN16679341,simple,408170,human gut metagenome,A7.2.90_16S,,,,,,,no,,,,,WASHINGTON UNIVERSITY IN ST. LOUIS,SRA1155924,,public,BC5B03B87873B8D99EC84375F5A2FE87,403EAB8D304717EBA68C9D48C7E13FB0
SRR13060323,2020-11-14 10:24:12,2020-11-14 10:20:15,28320,10761600,28320,380,7,,https://sra-downloadb.be-md.ncbi.nlm.nih.gov/sos2/sra-pub-zq-18/SRR013/13060/SRR13060323/SRR13060323.lite.1,SRX9508292,M00175:A8.1.0_16S,AMPLICON,PCR,METAGENOMIC,PAIRED,0,0,ILLUMINA,Illumina MiSeq,SRP292558,PRJNA674880,,674880,SRS7716830,SAMN16679342,simple,408170,human gut metagenome,A8.1.0_16S,,,,,,,no,,,,,WASHINGTON UNIVERSITY IN ST. LOUIS,SRA1155924,,public,E19F49D25D259D5FE0DC2978CDCE30B0,E9F171DD780BB4CCD36F7FF373BC0D45
SRR13060322,2020-11-14 10:24:12,2020-11-14 10:20:23,31995,12158100,31995,380,8,,https://sra-downloadb.be-md.ncbi.nlm.nih.gov/sos2/sra-pub-zq-18/SRR013/13060/SRR13060322/SRR13060322.lite.1,SRX9508293,M00175:A8.1.7_16S,AMPLICON,PCR,METAGENOMIC,PAIRED,0,0,ILLUMINA,Illumina MiSeq,SRP292558,PRJNA674880,,674880,SRS7716831,SAMN16679343,simple,408170,human gut metagenome,A8.1.7_16S,,,,,,,no,,,,,WASHINGTON UNIVERSITY IN ST. LOUIS,SRA1155924,,public,891AF69518ECC681DEFA8E1A208ECA53,70280F01B74AD6BDFCA183FFD33DF76D
SRR13060321,2020-11-14 10:24:12,2020-11-14 10:21:40,3636660,959511303,3636660,263,401,,https://sra-downloadb.be-md.ncbi.nlm.nih.gov/sos3/sra-pub-zq-22/SRR013/13060/SRR13060321/SRR13060321.lite.1,SRX9508294,NS500153:4.8.DP_wgs,WGS,RANDOM,METAGENOMIC,PAIRED,0,0,ILLUMINA,Illumina HiSeq 2000,SRP292558,PRJNA674880,,674880,SRS7716832,SAMN16679019,simple,408170,human gut metagenome,4.8.DP_wgs,,,,,,,no,,,,,WASHINGTON UNIVERSITY IN ST. LOUIS,SRA1155924,,public,CDF14E61D316FF6A00AD0ADA3D5F6E99,377F525A55E5F93CEC8B3EC24AE8CE16
SRR13060320,2020-11-14 10:24:12,2020-11-14 10:20:12,31558,11992040,31558,380,8,,https://sra-downloadb.be-md.ncbi.nlm.nih.gov/sos2/sra-pub-zq-18/SRR013/13060/SRR13060320/SRR13060320.lite.1,SRX9508295,M00175:A8.2.0_16S,AMPLICON,PCR,METAGENOMIC,PAIRED,0,0,ILLUMINA,Illumina MiSeq,SRP292558,PRJNA674880,,674880,SRS7716833,SAMN16679344,simple,408170,human gut metagenome,A8.2.0_16S,,,,,,,no,,,,,WASHINGTON UNIVERSITY IN ST. LOUIS,SRA1155924,,public,D7000B166610F60EA70CE50BD84DA482,8BA4D3FA27FE3FA59D36076BE2792DBA
SRR13060329,2020-11-14 10:24:12,2020-11-14 10:20:39,40958,15564040,40958,380,10,,https://sra-downloadb.be-md.ncbi.nlm.nih.gov/sos3/sra-pub-zq-22/SRR013/13060/SRR13060329/SRR13060329.lite.1,SRX9508286,M00175:A7.2.0_16S,AMPLICON,PCR,METAGENOMIC,PAIRED,0,0,ILLUMINA,Illumina MiSeq,SRP292558,PRJNA674880,,674880,SRS7716824,SAMN16679336,simple,408170,human gut metagenome,A7.2.0_16S,,,,,,,no,,,,,WASHINGTON UNIVERSITY IN ST. LOUIS,SRA1155924,,public,3CE12F5B1E8B0CE87DFBE56281B2354E,91D76F052030470F2684B6B7D9088EDC
SRR13060328,2020-11-14 10:24:12,2020-11-14 10:20:15,33232,12628160,33232,380,8,,https://sra-downloadb.be-md.ncbi.nlm.nih.gov/sos2/sra-pub-zq-18/SRR013/13060/SRR13060328/SRR13060328.lite.1,SRX9508287,M00175:A7.2.180_16S,AMPLICON,PCR,METAGENOMIC,PAIRED,0,0,ILLUMINA,Illumina MiSeq,SRP292558,PRJNA674880,,674880,SRS7716825,SAMN16679337,simple,408170,human gut metagenome,A7.2.180_16S,,,,,,,no,,,,,WASHINGTON UNIVERSITY IN ST. LOUIS,SRA1155924,,public,C66D9469698375722EDF5E822EEA43BE,432150F4B7032ABD8F3D25A12C49901D
SRR13060327,2020-11-14 10:24:12,2020-11-14 10:20:21,32594,12385720,32594,380,8,,https://sra-downloadb.be-md.ncbi.nlm.nih.gov/sos2/sra-pub-zq-18/SRR013/13060/SRR13060327/SRR13060327.lite.1,SRX9508288,M00175:A7.2.30_16S,AMPLICON,PCR,METAGENOMIC,PAIRED,0,0,ILLUMINA,Illumina MiSeq,SRP292558,PRJNA674880,,674880,SRS7716826,SAMN16679338,simple,408170,human gut metagenome,A7.2.30_16S,,,,,,,no,,,,,WASHINGTON UNIVERSITY IN ST. LOUIS,SRA1155924,,public,91FA6F81E9BD4D5E8CB6A246E00046C9,707D6157636F8C72149D193F19396DE3
SRR13060326,2020-11-14 10:52:45,2020-11-14 10:20:14,31663,12031940,31663,380,8,,https://sra-downloadb.be-md.ncbi.nlm.nih.gov/sos2/sra-pub-zq-18/SRR013/13060/SRR13060326/SRR13060326.lite.1,SRX9508289,M00175:A7.2.60_16S,AMPLICON,PCR,METAGENOMIC,PAIRED,0,0,ILLUMINA,Illumina MiSeq,SRP292558,PRJNA674880,,674880,SRS7716827,SAMN16679339,simple,408170,human gut metagenome,A7.2.60_16S,,,,,,,no,,,,,WASHINGTON UNIVERSITY IN ST. LOUIS,SRA1155924,,public,037549F1314A5EE904E10EF7959041A2,7E5C95F0A62EB6FC98406636D2FB4D4E
SRR13060325,2020-11-14 10:50:50,2020-11-14 10:20:15,28325,10763500,28325,380,7,,https://sra-downloadb.be-md.ncbi.nlm.nih.gov/sos2/sra-pub-zq-18/SRR013/13060/SRR13060325/SRR13060325.lite.1,SRX9508290,M00175:A7.2.7_16S,AMPLICON,PCR,METAGENOMIC,PAIRED,0,0,ILLUMINA,Illumina MiSeq,SRP292558,PRJNA674880,,674880,SRS7716828,SAMN16679340,simple,408170,human gut metagenome,A7.2.7_16S,,,,,,,no,,,,,WASHINGTON UNIVERSITY IN ST. LOUIS,SRA1155924,,public,585431698175CC43B41041C97495587E,7A9D9A9AB9DEAB243412FF2180111C2A
SRR13060334,2020-11-14 10:50:50,2020-11-14 10:20:12,25471,9678980,25471,380,6,,https://sra-downloadb.be-md.ncbi.nlm.nih.gov/sos2/sra-pub-zq-18/SRR013/13060/SRR13060334/SRR13060334.lite.1,SRX9508281,M00175:A6.1.180_16S,AMPLICON,PCR,METAGENOMIC,PAIRED,0,0,ILLUMINA,Illumina MiSeq,SRP292558,PRJNA674880,,674880,SRS7716819,SAMN16679332,simple,408170,human gut metagenome,A6.1.180_16S,,,,,,,no,,,,,WASHINGTON UNIVERSITY IN ST. LOUIS,SRA1155924,,public,3EABF35BBE9EEEC97094BAB294C79882,8B472A492CC644D5B0B69D6F429FF17B
SRR13060332,2020-11-14 10:24:12,2020-11-14 10:20:50,1535792,412900121,1535792,268,169,,https://sra-downloadb.be-md.ncbi.nlm.nih.gov/sos3/sra-pub-zq-24/SRR013/13060/SRR13060332/SRR13060332.lite.1,SRX9508283,NS500153:4.1.DS_wgs,WGS,RANDOM,METAGENOMIC,PAIRED,0,0,ILLUMINA,Illumina HiSeq 2000,SRP292558,PRJNA674880,,674880,SRS7716820,SAMN16679018,simple,408170,human gut metagenome,4.1.DS_wgs,,,,,,,no,,,,,WASHINGTON UNIVERSITY IN ST. LOUIS,SRA1155924,,public,663BFFA1D64821460A6DAFCBA0E35409,62A5BE8EEBBC02AB0677DEE9E6205AFD
SRR13060333,2020-11-14 10:24:12,2020-11-14 10:20:13,39725,15095500,39725,380,10,,https://sra-downloadb.be-md.ncbi.nlm.nih.gov/sos3/sra-pub-zq-24/SRR013/13060/SRR13060333/SRR13060333.lite.1,SRX9508282,M00175:A6.1.30_16S,AMPLICON,PCR,METAGENOMIC,PAIRED,0,0,ILLUMINA,Illumina MiSeq,SRP292558,PRJNA674880,,674880,SRS7716821,SAMN16679333,simple,408170,human gut metagenome,A6.1.30_16S,,,,,,,no,,,,,WASHINGTON UNIVERSITY IN ST. LOUIS,SRA1155924,,public,3A59B8279F8B1003BFD483D7484C6DB1,8CA9B23A212E3E09BAEE1F53CB8EA5E0
SRR13060331,2020-11-14 10:24:12,2020-11-14 10:20:42,40849,15522620,40849,380,10,,https://sra-downloadb.be-md.ncbi.nlm.nih.gov/sos3/sra-pub-zq-24/SRR013/13060/SRR13060331/SRR13060331.lite.1,SRX9508284,M00175:A6.1.60_16S,AMPLICON,PCR,METAGENOMIC,PAIRED,0,0,ILLUMINA,Illumina MiSeq,SRP292558,PRJNA674880,,674880,SRS7716822,SAMN16679334,simple,408170,human gut metagenome,A6.1.60_16S,,,,,,,no,,,,,WASHINGTON UNIVERSITY IN ST. LOUIS,SRA1155924,,public,69D6795FFA28CD553A1A6D87F2B4B1EB,B90DECB47FBB8CCF8301E12F82559AFF
SRR13060330,2020-11-14 10:24:12,2020-11-14 10:20:18,48603,18469140,48603,380,12,,https://sra-downloadb.be-md.ncbi.nlm.nih.gov/sos3/sra-pub-zq-22/SRR013/13060/SRR13060330/SRR13060330.lite.1,SRX9508285,M00175:A7.1.7_16S,AMPLICON,PCR,METAGENOMIC,PAIRED,0,0,ILLUMINA,Illumina MiSeq,SRP292558,PRJNA674880,,674880,SRS7716823,SAMN16679335,simple,408170,human gut metagenome,A7.1.7_16S,,,,,,,no,,,,,WASHINGTON UNIVERSITY IN ST. LOUIS,SRA1155924,,public,B77DC20D6F4581EA6D0655C75F2C86B9,2EE071E39A56BA263C94907CA794EBA0
SRR13060339,2020-11-14 10:24:12,2020-11-14 10:20:32,31748,12064240,31748,380,8,,https://sra-downloadb.be-md.ncbi.nlm.nih.gov/sos2/sra-pub-zq-18/SRR013/13060/SRR13060339/SRR13060339.lite.1,SRX9508276,M00175:A5.1.7_16S,AMPLICON,PCR,METAGENOMIC,PAIRED,0,0,ILLUMINA,Illumina MiSeq,SRP292558,PRJNA674880,,674880,SRS7716815,SAMN16679327,simple,408170,human gut metagenome,A5.1.7_16S,,,,,,,no,,,,,WASHINGTON UNIVERSITY IN ST. LOUIS,SRA1155924,,public,BAC889AF1B97E3501C269AC2BE71BF83,46621C7F507010CD5791B9253772DA17
SRR13060338,2020-11-14 10:24:12,2020-11-14 10:20:14,48263,18339940,48263,380,12,,https://sra-downloadb.be-md.ncbi.nlm.nih.gov/sos3/sra-pub-zq-24/SRR013/13060/SRR13060338/SRR13060338.lite.1,SRX9508277,M00175:A5.2.180_16S,AMPLICON,PCR,METAGENOMIC,PAIRED,0,0,ILLUMINA,Illumina MiSeq,SRP292558,PRJNA674880,,674880,SRS7716814,SAMN16679328,simple,408170,human gut metagenome,A5.2.180_16S,,,,,,,no,,,,,WASHINGTON UNIVERSITY IN ST. LOUIS,SRA1155924,,public,BB558BB0B6A721950D17EFE5F5FDF6C3,71DED5154A88E4DF34B4D47B915153DA
SRR13060337,2020-11-14 10:24:12,2020-11-14 10:20:17,40803,15505140,40803,380,10,,https://sra-downloadb.be-md.ncbi.nlm.nih.gov/sos3/sra-pub-zq-22/SRR013/13060/SRR13060337/SRR13060337.lite.1,SRX9508278,M00175:A5.2.30_16S,AMPLICON,PCR,METAGENOMIC,PAIRED,0,0,ILLUMINA,Illumina MiSeq,SRP292558,PRJNA674880,,674880,SRS7716816,SAMN16679329,simple,408170,human gut metagenome,A5.2.30_16S,,,,,,,no,,,,,WASHINGTON UNIVERSITY IN ST. LOUIS,SRA1155924,,public,E2FBFDEC437A3406C8E9390218BD0E76,CF6DDA24A8564B63DBF1560F91A3435B
SRR13060336,2020-11-14 10:24:12,2020-11-14 10:20:19,47153,17918140,47153,380,12,,https://sra-downloadb.be-md.ncbi.nlm.nih.gov/sos3/sra-pub-zq-24/SRR013/13060/SRR13060336/SRR13060336.lite.1,SRX9508279,M00175:A5.2.7_16S,AMPLICON,PCR,METAGENOMIC,PAIRED,0,0,ILLUMINA,Illumina MiSeq,SRP292558,PRJNA674880,,674880,SRS7716817,SAMN16679330,simple,408170,human gut metagenome,A5.2.7_16S,,,,,,,no,,,,,WASHINGTON UNIVERSITY IN ST. LOUIS,SRA1155924,,public,FFB2713AAB417F89ABA9FE1594F19E90,D8CF132BC2D9C2E7379041DC1BFBE3A2
SRR13060335,2020-11-14 10:50:50,2020-11-14 10:20:21,40020,15207600,40020,380,10,,https://sra-downloadb.be-md.ncbi.nlm.nih.gov/sos3/sra-pub-zq-24/SRR013/13060/SRR13060335/SRR13060335.lite.1,SRX9508280,M00175:A6.1.0_16S,AMPLICON,PCR,METAGENOMIC,PAIRED,0,0,ILLUMINA,Illumina MiSeq,SRP292558,PRJNA674880,,674880,SRS7716818,SAMN16679331,simple,408170,human gut metagenome,A6.1.0_16S,,,,,,,no,,,,,WASHINGTON UNIVERSITY IN ST. LOUIS,SRA1155924,,public,DDDFED4B92714FD9781D53240237C166,8F06042DCE38BDAF9569574C90A982BC
SRR13060344,2020-11-14 10:24:12,2020-11-14 10:20:16,42977,16331260,42977,380,11,,https://sra-downloadb.be-md.ncbi.nlm.nih.gov/sos3/sra-pub-zq-22/SRR013/13060/SRR13060344/SRR13060344.lite.1,SRX9508271,M00175:A4.1.7_16S,AMPLICON,PCR,METAGENOMIC,PAIRED,0,0,ILLUMINA,Illumina MiSeq,SRP292558,PRJNA674880,,674880,SRS7716809,SAMN16679323,simple,408170,human gut metagenome,A4.1.7_16S,,,,,,,no,,,,,WASHINGTON UNIVERSITY IN ST. LOUIS,SRA1155924,,public,1D81F7A7094BB2AE04DE62C33B6A3CA5,49F8C18100AE9F3B7BD40C6741A9FF3B
SRR13060343,2020-11-14 10:24:12,2020-11-14 10:20:55,1723777,467114320,1723777,270,188,,https://sra-downloadb.be-md.ncbi.nlm.nih.gov/sos3/sra-pub-zq-22/SRR013/13060/SRR13060343/SRR13060343.lite.1,SRX9508272,NS500153:4.1.DP_wgs,WGS,RANDOM,METAGENOMIC,PAIRED,0,0,ILLUMINA,Illumina HiSeq 2000,SRP292558,PRJNA674880,,674880,SRS7716810,SAMN16679017,simple,408170,human gut metagenome,4.1.DP_wgs,,,,,,,no,,,,,WASHINGTON UNIVERSITY IN ST. LOUIS,SRA1155924,,public,47497E95559816C53113BECEFB1B2FC0,C08AF590442C59B95F6EB1B576693A7A
SRR13060342,2020-11-14 10:24:12,2020-11-14 10:20:17,50990,19376200,50990,380,13,,https://sra-downloadb.be-md.ncbi.nlm.nih.gov/sos3/sra-pub-zq-22/SRR013/13060/SRR13060342/SRR13060342.lite.1,SRX9508273,M00175:A4.2.30_16S,AMPLICON,PCR,METAGENOMIC,PAIRED,0,0,ILLUMINA,Illumina MiSeq,SRP292558,PRJNA674880,,674880,SRS7716811,SAMN16679324,simple,408170,human gut metagenome,A4.2.30_16S,,,,,,,no,,,,,WASHINGTON UNIVERSITY IN ST. LOUIS,SRA1155924,,public,47F1D30312C9451B2CABEEAAEB6564F3,1E9E8296513D368CFF37B514B2DDD24E
SRR13060341,2020-11-14 10:24:12,2020-11-14 10:20:19,46693,17743340,46693,380,11,,https://sra-downloadb.be-md.ncbi.nlm.nih.gov/sos3/sra-pub-zq-22/SRR013/13060/SRR13060341/SRR13060341.lite.1,SRX9508274,M00175:A4.2.60_16S,AMPLICON,PCR,METAGENOMIC,PAIRED,0,0,ILLUMINA,Illumina MiSeq,SRP292558,PRJNA674880,,674880,SRS7716812,SAMN16679325,simple,408170,human gut metagenome,A4.2.60_16S,,,,,,,no,,,,,WASHINGTON UNIVERSITY IN ST. LOUIS,SRA1155924,,public,387E4DE1E685E3CF2A72BC7981093C8F,75DAAD364E0077A79B21FFD0BBF1B3B3
SRR13060340,2020-11-14 10:24:12,2020-11-14 10:20:24,43344,16470720,43344,380,11,,https://sra-downloadb.be-md.ncbi.nlm.nih.gov/sos3/sra-pub-zq-24/SRR013/13060/SRR13060340/SRR13060340.lite.1,SRX9508275,M00175:A4.2.7_16S,AMPLICON,PCR,METAGENOMIC,PAIRED,0,0,ILLUMINA,Illumina MiSeq,SRP292558,PRJNA674880,,674880,SRS7716813,SAMN16679326,simple,408170,human gut metagenome,A4.2.7_16S,,,,,,,no,,,,,WASHINGTON UNIVERSITY IN ST. LOUIS,SRA1155924,,public,364716FE941A42C1408C18FC981EB115,9D4F579D0474A4447F5DB896B9FF9E9A
SRR13060349,2020-11-14 10:24:12,2020-11-14 10:20:15,48344,18370720,48344,380,12,,https://sra-downloadb.be-md.ncbi.nlm.nih.gov/sos3/sra-pub-zq-22/SRR013/13060/SRR13060349/SRR13060349.lite.1,SRX9508266,M00175:A35.1.180_16S,AMPLICON,PCR,METAGENOMIC,PAIRED,0,0,ILLUMINA,Illumina MiSeq,SRP292558,PRJNA674880,,674880,SRS7716804,SAMN16679318,simple,408170,human gut metagenome,A35.1.180_16S,,,,,,,no,,,,,WASHINGTON UNIVERSITY IN ST. LOUIS,SRA1155924,,public,F95671C426BFD5BE8B115E12DB834E92,085CE50926F35AEDD100EF4F46B74189
SRR13060348,2020-11-14 10:24:12,2020-11-14 10:20:23,39692,15082960,39692,380,10,,https://sra-downloadb.be-md.ncbi.nlm.nih.gov/sos3/sra-pub-zq-24/SRR013/13060/SRR13060348/SRR13060348.lite.1,SRX9508267,M00175:A35.1.30_16S,AMPLICON,PCR,METAGENOMIC,PAIRED,0,0,ILLUMINA,Illumina MiSeq,SRP292558,PRJNA674880,,674880,SRS7716805,SAMN16679319,simple,408170,human gut metagenome,A35.1.30_16S,,,,,,,no,,,,,WASHINGTON UNIVERSITY IN ST. LOUIS,SRA1155924,,public,8BE405A16CCFA83E8A180C5FA2AFA88A,8FA8DC29B0DB983EEFB9C0357ABECA07
SRR13060347,2020-11-14 10:50:50,2020-11-14 10:20:23,49328,18744640,49328,380,12,,https://sra-downloadb.be-md.ncbi.nlm.nih.gov/sos3/sra-pub-zq-24/SRR013/13060/SRR13060347/SRR13060347.lite.1,SRX9508268,M00175:A35.1.60_16S,AMPLICON,PCR,METAGENOMIC,PAIRED,0,0,ILLUMINA,Illumina MiSeq,SRP292558,PRJNA674880,,674880,SRS7716806,SAMN16679320,simple,408170,human gut metagenome,A35.1.60_16S,,,,,,,no,,,,,WASHINGTON UNIVERSITY IN ST. LOUIS,SRA1155924,,public,19FB6DB3E44483372CA83A9788226181,2A32A38B0763E1FA914757612E08373C
SRR13060346,2020-11-14 10:24:12,2020-11-14 10:20:19,41496,15768480,41496,380,10,,https://sra-downloadb.be-md.ncbi.nlm.nih.gov/sos3/sra-pub-zq-22/SRR013/13060/SRR13060346/SRR13060346.lite.1,SRX9508269,M00175:A35.1.7_16S,AMPLICON,PCR,METAGENOMIC,PAIRED,0,0,ILLUMINA,Illumina MiSeq,SRP292558,PRJNA674880,,674880,SRS7716807,SAMN16679321,simple,408170,human gut metagenome,A35.1.7_16S,,,,,,,no,,,,,WASHINGTON UNIVERSITY IN ST. LOUIS,SRA1155924,,public,052974CEB30C6E76A68D1A079416A024,402B2A30B05569C3F7F64C536AE80B3C
SRR13060345,2020-11-14 10:50:50,2020-11-14 10:20:12,22745,8643100,22745,380,5,,https://sra-downloadb.be-md.ncbi.nlm.nih.gov/sos2/sra-pub-zq-18/SRR013/13060/SRR13060345/SRR13060345.lite.1,SRX9508270,M00175:A4.1.0_16S,AMPLICON,PCR,METAGENOMIC,PAIRED,0,0,ILLUMINA,Illumina MiSeq,SRP292558,PRJNA674880,,674880,SRS7716808,SAMN16679322,simple,408170,human gut metagenome,A4.1.0_16S,,,,,,,no,,,,,WASHINGTON UNIVERSITY IN ST. LOUIS,SRA1155924,,public,E36612DF9E281AFEA3174F39CA6C6769,5DCCC0E25BA49C6068B0587E60A63135
SRR13060354,2020-11-14 10:26:30,2020-11-14 10:22:32,4598789,1245952852,4598789,270,499,,https://sra-downloadb.be-md.ncbi.nlm.nih.gov/sos3/sra-pub-zq-24/SRR013/13060/SRR13060354/SRR13060354.lite.1,SRX9508261,NS500153:4.15.DS_wgs,WGS,RANDOM,METAGENOMIC,PAIRED,0,0,ILLUMINA,Illumina HiSeq 2000,SRP292558,PRJNA674880,,674880,SRS7716799,SAMN16679016,simple,408170,human gut metagenome,4.15.DS_wgs,,,,,,,no,,,,,WASHINGTON UNIVERSITY IN ST. LOUIS,SRA1155924,,public,E795C86D243EFA12051BA5C7779C8F37,6B6834EFA2FC6A94968D196468634447
SRR13060353,2020-11-14 10:24:12,2020-11-14 10:20:14,50560,19212800,50560,380,12,,https://sra-downloadb.be-md.ncbi.nlm.nih.gov/sos3/sra-pub-zq-24/SRR013/13060/SRR13060353/SRR13060353.lite.1,SRX9508262,M00175:A3.2.7_16S,AMPLICON,PCR,METAGENOMIC,PAIRED,0,0,ILLUMINA,Illumina MiSeq,SRP292558,PRJNA674880,,674880,SRS7716800,SAMN16679314,simple,408170,human gut metagenome,A3.2.7_16S,,,,,,,no,,,,,WASHINGTON UNIVERSITY IN ST. LOUIS,SRA1155924,,public,95CF05F261C076E48F9FBDF912BA9EFE,9E2A5A4FE38FFC71C377F186F2B3ADC6
SRR13060352,2020-11-14 10:24:12,2020-11-14 10:20:20,45173,17165740,45173,380,11,,https://sra-downloadb.be-md.ncbi.nlm.nih.gov/sos3/sra-pub-zq-24/SRR013/13060/SRR13060352/SRR13060352.lite.1,SRX9508263,M00175:A33.1.0_16S,AMPLICON,PCR,METAGENOMIC,PAIRED,0,0,ILLUMINA,Illumina MiSeq,SRP292558,PRJNA674880,,674880,SRS7716802,SAMN16679315,simple,408170,human gut metagenome,A33.1.0_16S,,,,,,,no,,,,,WASHINGTON UNIVERSITY IN ST. LOUIS,SRA1155924,,public,427480A7FAA080E14520696BD4968ED8,B307669857FD55D8CD81CEFA80934E16
SRR13060351,2020-11-14 10:24:12,2020-11-14 10:20:21,50136,19051680,50136,380,13,,https://sra-downloadb.be-md.ncbi.nlm.nih.gov/sos3/sra-pub-zq-24/SRR013/13060/SRR13060351/SRR13060351.lite.1,SRX9508264,M00175:A33.1.14_16S,AMPLICON,PCR,METAGENOMIC,PAIRED,0,0,ILLUMINA,Illumina MiSeq,SRP292558,PRJNA674880,,674880,SRS7716801,SAMN16679316,simple,408170,human gut metagenome,A33.1.14_16S,,,,,,,no,,,,,WASHINGTON UNIVERSITY IN ST. LOUIS,SRA1155924,,public,499A4F01544471BFA2C860C24E5F3599,41554193853A74EF953A7DC46C0A9910
SRR13060350,2020-11-14 10:24:12,2020-11-14 10:20:19,35335,13427300,35335,380,9,,https://sra-downloadb.be-md.ncbi.nlm.nih.gov/sos2/sra-pub-zq-18/SRR013/13060/SRR13060350/SRR13060350.lite.1,SRX9508265,M00175:A35.1.0_16S,AMPLICON,PCR,METAGENOMIC,PAIRED,0,0,ILLUMINA,Illumina MiSeq,SRP292558,PRJNA674880,,674880,SRS7716803,SAMN16679317,simple,408170,human gut metagenome,A35.1.0_16S,,,,,,,no,,,,,WASHINGTON UNIVERSITY IN ST. LOUIS,SRA1155924,,public,12A4469223B0ECA9D50B4CB39B14EBFF,292A77C0DB74299DA794DB96188FB19C
SRR13060356,2020-11-14 10:24:11,2020-11-14 10:20:27,52136,19811680,52136,380,13,,https://sra-downloadb.be-md.ncbi.nlm.nih.gov/sos3/sra-pub-zq-24/SRR013/13060/SRR13060356/SRR13060356.lite.1,SRX9508259,M00175:A3.2.180_16S,AMPLICON,PCR,METAGENOMIC,PAIRED,0,0,ILLUMINA,Illumina MiSeq,SRP292558,PRJNA674880,,674880,SRS7716797,SAMN16679312,simple,408170,human gut metagenome,A3.2.180_16S,,,,,,,no,,,,,WASHINGTON UNIVERSITY IN ST. LOUIS,SRA1155924,,public,D33F112DA88DB65A15782C295E59F75A,8F2BCB7DF35BA3B6374AB0E879AAA690
SRR13060355,2020-11-14 10:24:11,2020-11-14 10:20:15,35827,13614260,35827,380,9,,https://sra-downloadb.be-md.ncbi.nlm.nih.gov/sos2/sra-pub-zq-18/SRR013/13060/SRR13060355/SRR13060355.lite.1,SRX9508260,M00175:A3.2.60_16S,AMPLICON,PCR,METAGENOMIC,PAIRED,0,0,ILLUMINA,Illumina MiSeq,SRP292558,PRJNA674880,,674880,SRS7716798,SAMN16679313,simple,408170,human gut metagenome,A3.2.60_16S,,,,,,,no,,,,,WASHINGTON UNIVERSITY IN ST. LOUIS,SRA1155924,,public,96EA85BBE906D0B8EF8C20826F2B98FA,91970C6EC9BEDF1AFDDBC52DDEEB39A3
SRR13060359,2020-11-14 10:24:11,2020-11-14 10:20:23,44570,16936600,44570,380,11,,https://sra-downloadb.be-md.ncbi.nlm.nih.gov/sos3/sra-pub-zq-24/SRR013/13060/SRR13060359/SRR13060359.lite.1,SRX9508256,M00175:A32.1.30_16S,AMPLICON,PCR,METAGENOMIC,PAIRED,0,0,ILLUMINA,Illumina MiSeq,SRP292558,PRJNA674880,,674880,SRS7716793,SAMN16679309,simple,408170,human gut metagenome,A32.1.30_16S,,,,,,,no,,,,,WASHINGTON UNIVERSITY IN ST. LOUIS,SRA1155924,,public,B9DADFD203C82191CCE0C3B59654E363,C6B7392B5748B18971AE16B1389F1C72
SRR13060358,2020-11-14 10:24:11,2020-11-14 10:20:32,40020,15207600,40020,380,10,,https://sra-downloadb.be-md.ncbi.nlm.nih.gov/sos3/sra-pub-zq-24/SRR013/13060/SRR13060358/SRR13060358.lite.1,SRX9508257,M00175:A32.1.60_16S,AMPLICON,PCR,METAGENOMIC,PAIRED,0,0,ILLUMINA,Illumina MiSeq,SRP292558,PRJNA674880,,674880,SRS7716795,SAMN16679310,simple,408170,human gut metagenome,A32.1.60_16S,,,,,,,no,,,,,WASHINGTON UNIVERSITY IN ST. LOUIS,SRA1155924,,public,CC39601D841DB8184AA035C0695894DA,73298E99DE32A0798A6221807B395915
SRR13060357,2020-11-14 10:24:11,2020-11-14 10:20:15,21995,8358100,21995,380,5,,https://sra-downloadb.be-md.ncbi.nlm.nih.gov/sos2/sra-pub-zq-18/SRR013/13060/SRR13060357/SRR13060357.lite.1,SRX9508258,M00175:A32.1.7_16S,AMPLICON,PCR,METAGENOMIC,PAIRED,0,0,ILLUMINA,Illumina MiSeq,SRP292558,PRJNA674880,,674880,SRS7716796,SAMN16679311,simple,408170,human gut metagenome,A32.1.7_16S,,,,,,,no,,,,,WASHINGTON UNIVERSITY IN ST. LOUIS,SRA1155924,,public,E3685DD2CCCA0E261BA2A524BDB505AF,1921EF4111D106EEB75D4D6B2AA75121
SRR13060364,2020-11-14 10:24:11,2020-11-14 10:20:23,44956,17083280,44956,380,11,,https://sra-downloadb.be-md.ncbi.nlm.nih.gov/sos3/sra-pub-zq-24/SRR013/13060/SRR13060364/SRR13060364.lite.1,SRX9508251,M00175:A31.1.60_16S,AMPLICON,PCR,METAGENOMIC,PAIRED,0,0,ILLUMINA,Illumina MiSeq,SRP292558,PRJNA674880,,674880,SRS7716789,SAMN16679304,simple,408170,human gut metagenome,A31.1.60_16S,,,,,,,no,,,,,WASHINGTON UNIVERSITY IN ST. LOUIS,SRA1155924,,public,B418941716C95ECDD9536F360876CACE,4C1BEF281D074DB8DB4BB82C5EE0CB56
SRR13060362,2020-11-14 10:24:11,2020-11-14 10:20:23,47737,18140060,47737,380,12,,https://sra-downloadb.be-md.ncbi.nlm.nih.gov/sos3/sra-pub-zq-24/SRR013/13060/SRR13060362/SRR13060362.lite.1,SRX9508253,M00175:A3.1.7_16S,AMPLICON,PCR,METAGENOMIC,PAIRED,0,0,ILLUMINA,Illumina MiSeq,SRP292558,PRJNA674880,,674880,SRS7716790,SAMN16679306,simple,408170,human gut metagenome,A3.1.7_16S,,,,,,,no,,,,,WASHINGTON UNIVERSITY IN ST. LOUIS,SRA1155924,,public,2D275ED5A1D0C1BC3670C52CCFE94542,089A59F31208B26EBB261E0DF304D6BF
SRR13060363,2020-11-14 10:24:11,2020-11-14 10:20:29,63814,24249320,63814,380,16,,https://sra-downloadb.be-md.ncbi.nlm.nih.gov/sos3/sra-pub-zq-24/SRR013/13060/SRR13060363/SRR13060363.lite.1,SRX9508252,M00175:A31.1.7_16S,AMPLICON,PCR,METAGENOMIC,PAIRED,0,0,ILLUMINA,Illumina MiSeq,SRP292558,PRJNA674880,,674880,SRS7716791,SAMN16679305,simple,408170,human gut metagenome,A31.1.7_16S,,,,,,,no,,,,,WASHINGTON UNIVERSITY IN ST. LOUIS,SRA1155924,,public,2087B8357F8B32FA790CDB9AAEDCB151,FDA0D5722BAD1B08A39DC9DD10B6A56B
SRR13060361,2020-11-14 10:24:11,2020-11-14 10:20:23,18391,6988580,18391,380,4,,https://sra-downloadb.be-md.ncbi.nlm.nih.gov/sos2/sra-pub-zq-18/SRR013/13060/SRR13060361/SRR13060361.lite.1,SRX9508254,M00175:A32.1.0_16S,AMPLICON,PCR,METAGENOMIC,PAIRED,0,0,ILLUMINA,Illumina MiSeq,SRP292558,PRJNA674880,,674880,SRS7716792,SAMN16679307,simple,408170,human gut metagenome,A32.1.0_16S,,,,,,,no,,,,,WASHINGTON UNIVERSITY IN ST. LOUIS,SRA1155924,,public,C006C638A461CF6354D8DEEB0F99848C,B20B3C92A158F97F38B058DB8E50F4B1
SRR13060360,2020-11-14 10:52:45,2020-11-14 10:20:23,53705,20407900,53705,380,13,,https://sra-downloadb.be-md.ncbi.nlm.nih.gov/sos3/sra-pub-zq-24/SRR013/13060/SRR13060360/SRR13060360.lite.1,SRX9508255,M00175:A32.1.180_16S,AMPLICON,PCR,METAGENOMIC,PAIRED,0,0,ILLUMINA,Illumina MiSeq,SRP292558,PRJNA674880,,674880,SRS7716794,SAMN16679308,simple,408170,human gut metagenome,A32.1.180_16S,,,,,,,no,,,,,WASHINGTON UNIVERSITY IN ST. LOUIS,SRA1155924,,public,4230C4FFB71D2BD70ADE4F8C25ADE7EB,640EB2E50C03116D15F5A19FEB71C0B4
SRR13060369,2020-11-14 10:24:11,2020-11-14 10:20:23,50760,19288800,50760,380,12,,https://sra-downloadb.be-md.ncbi.nlm.nih.gov/sos3/sra-pub-zq-22/SRR013/13060/SRR13060369/SRR13060369.lite.1,SRX9508246,M00175:A29.1.7_16S,AMPLICON,PCR,METAGENOMIC,PAIRED,0,0,ILLUMINA,Illumina MiSeq,SRP292558,PRJNA674880,,674880,SRS7716784,SAMN16679300,simple,408170,human gut metagenome,A29.1.7_16S,,,,,,,no,,,,,WASHINGTON UNIVERSITY IN ST. LOUIS,SRA1155924,,public,F6D275E53EC40D28CD3A38E00D1DEE13,CE2F1EDEE831BE239A3E9758D5F5204F
SRR13060368,2020-11-14 10:24:11,2020-11-14 10:20:26,30683,11659540,30683,380,8,,https://sra-downloadb.be-md.ncbi.nlm.nih.gov/sos2/sra-pub-zq-18/SRR013/13060/SRR13060368/SRR13060368.lite.1,SRX9508247,M00175:A31.1.0_16S,AMPLICON,PCR,METAGENOMIC,PAIRED,0,0,ILLUMINA,Illumina MiSeq,SRP292558,PRJNA674880,,674880,SRS7716785,SAMN16679301,simple,408170,human gut metagenome,A31.1.0_16S,,,,,,,no,,,,,WASHINGTON UNIVERSITY IN ST. LOUIS,SRA1155924,,public,E65A6DCDEE23F95EFAF0F455264DDDB2,FF9866EE69FE4E37F6613B1B07CC913D
SRR13060367,2020-11-14 10:24:11,2020-11-14 10:20:21,42172,16025360,42172,380,10,,https://sra-downloadb.be-md.ncbi.nlm.nih.gov/sos3/sra-pub-zq-24/SRR013/13060/SRR13060367/SRR13060367.lite.1,SRX9508248,M00175:A31.1.180_16S,AMPLICON,PCR,METAGENOMIC,PAIRED,0,0,ILLUMINA,Illumina MiSeq,SRP292558,PRJNA674880,,674880,SRS7716786,SAMN16679302,simple,408170,human gut metagenome,A31.1.180_16S,,,,,,,no,,,,,WASHINGTON UNIVERSITY IN ST. LOUIS,SRA1155924,,public,FC8AE5D790601FCBE4E31D47DEE39AD8,003E92C30162F1D6A35DAEBC84D3F1FC
SRR13060365,2020-11-14 10:26:30,2020-11-14 10:23:20,6468748,1770456878,6468748,273,681,,https://sra-downloadb.be-md.ncbi.nlm.nih.gov/sos5/sra-pub-zq-16/SRR013/13060/SRR13060365/SRR13060365.lite.1,SRX9508250,NS500153:4.15.DP_wgs,WGS,RANDOM,METAGENOMIC,PAIRED,0,0,ILLUMINA,Illumina HiSeq 2000,SRP292558,PRJNA674880,,674880,SRS7716787,SAMN16679015,simple,408170,human gut metagenome,4.15.DP_wgs,,,,,,,no,,,,,WASHINGTON UNIVERSITY IN ST. LOUIS,SRA1155924,,public,25923FFFD2C3DE8A278C21B51D3D40B5,55E21A31E40567E0AE7267C25B541657
SRR13060366,2020-11-14 10:24:11,2020-11-14 10:20:30,49436,18785680,49436,380,12,,https://sra-downloadb.be-md.ncbi.nlm.nih.gov/sos3/sra-pub-zq-24/SRR013/13060/SRR13060366/SRR13060366.lite.1,SRX9508249,M00175:A31.1.30_16S,AMPLICON,PCR,METAGENOMIC,PAIRED,0,0,ILLUMINA,Illumina MiSeq,SRP292558,PRJNA674880,,674880,SRS7716788,SAMN16679303,simple,408170,human gut metagenome,A31.1.30_16S,,,,,,,no,,,,,WASHINGTON UNIVERSITY IN ST. LOUIS,SRA1155924,,public,F14050E3A053DC884227B5B3FB2A831C,5B077E713FE2C2139C74F3EB31473993
SRR13060374,2020-11-14 10:24:11,2020-11-14 10:20:28,44455,16892900,44455,380,11,,https://sra-downloadb.be-md.ncbi.nlm.nih.gov/sos3/sra-pub-zq-24/SRR013/13060/SRR13060374/SRR13060374.lite.1,SRX9508241,M00175:A28.1.60_16S,AMPLICON,PCR,METAGENOMIC,PAIRED,0,0,ILLUMINA,Illumina MiSeq,SRP292558,PRJNA674880,,674880,SRS7716779,SAMN16679295,simple,408170,human gut metagenome,A28.1.60_16S,,,,,,,no,,,,,WASHINGTON UNIVERSITY IN ST. LOUIS,SRA1155924,,public,A622BCE9EB8E76339C7A1B64F9C6750C,E28687DEDBBD5C8841E95AB0C1D06287
SRR13060373,2020-11-14 10:24:11,2020-11-14 10:20:23,27929,10613020,27929,380,7,,https://sra-downloadb.be-md.ncbi.nlm.nih.gov/sos2/sra-pub-zq-18/SRR013/13060/SRR13060373/SRR13060373.lite.1,SRX9508242,M00175:A28.1.7_16S,AMPLICON,PCR,METAGENOMIC,PAIRED,0,0,ILLUMINA,Illumina MiSeq,SRP292558,PRJNA674880,,674880,SRS7716780,SAMN16679296,simple,408170,human gut metagenome,A28.1.7_16S,,,,,,,no,,,,,WASHINGTON UNIVERSITY IN ST. LOUIS,SRA1155924,,public,0429BDB83B2E1200C357B00E8C20A084,B9F348B95B689DEFCA843094350E2FAF
SRR13060372,2020-11-14 10:54:44,2020-11-14 10:20:21,42753,16246140,42753,380,10,,https://sra-downloadb.be-md.ncbi.nlm.nih.gov/sos3/sra-pub-zq-24/SRR013/13060/SRR13060372/SRR13060372.lite.1,SRX9508243,M00175:A29.1.180_16S,AMPLICON,PCR,METAGENOMIC,PAIRED,0,0,ILLUMINA,Illumina MiSeq,SRP292558,PRJNA674880,,674880,SRS7716781,SAMN16679297,simple,408170,human gut metagenome,A29.1.180_16S,,,,,,,no,,,,,WASHINGTON UNIVERSITY IN ST. LOUIS,SRA1155924,,public,1F13CAFAFF4BD3196056E1F933C07565,D83ED097F55CEF6CC9F461EC3D201B34
SRR13060371,2020-11-14 10:24:11,2020-11-14 10:20:29,27326,10383880,27326,380,7,,https://sra-downloadb.be-md.ncbi.nlm.nih.gov/sos2/sra-pub-zq-18/SRR013/13060/SRR13060371/SRR13060371.lite.1,SRX9508244,M00175:A29.1.4_16S,AMPLICON,PCR,METAGENOMIC,PAIRED,0,0,ILLUMINA,Illumina MiSeq,SRP292558,PRJNA674880,,674880,SRS7716782,SAMN16679298,simple,408170,human gut metagenome,A29.1.4_16S,,,,,,,no,,,,,WASHINGTON UNIVERSITY IN ST. LOUIS,SRA1155924,,public,00FE9F0F60343154BDB59B730FDE4ECF,D7EADB1B4D8A822AEF452ADDFBF478E5
SRR13060370,2020-11-14 10:24:11,2020-11-14 10:20:29,31862,12107560,31862,380,8,,https://sra-downloadb.be-md.ncbi.nlm.nih.gov/sos2/sra-pub-zq-18/SRR013/13060/SRR13060370/SRR13060370.lite.1,SRX9508245,M00175:A29.1.60_16S,AMPLICON,PCR,METAGENOMIC,PAIRED,0,0,ILLUMINA,Illumina MiSeq,SRP292558,PRJNA674880,,674880,SRS7716783,SAMN16679299,simple,408170,human gut metagenome,A29.1.60_16S,,,,,,,no,,,,,WASHINGTON UNIVERSITY IN ST. LOUIS,SRA1155924,,public,748395B9011874B0242F344D8A05313A,988AA02B53BC9D803421A59AC7293DAD
SRR13060376,2020-11-14 10:24:11,2020-11-14 10:21:04,1006999,272913568,1006999,271,110,,https://sra-downloadb.be-md.ncbi.nlm.nih.gov/sos3/sra-pub-zq-24/SRR013/13060/SRR13060376/SRR13060376.lite.1,SRX9508239,NS500153:4.14.DS_wgs,WGS,RANDOM,METAGENOMIC,PAIRED,0,0,ILLUMINA,Illumina HiSeq 2000,SRP292558,PRJNA674880,,674880,SRS7716778,SAMN16679014,simple,408170,human gut metagenome,4.14.DS_wgs,,,,,,,no,,,,,WASHINGTON UNIVERSITY IN ST. LOUIS,SRA1155924,,public,0D252F80FC994626D0C4D04732BCC77A,54E1A062FFB9212A9146D96D8992BD52
SRR13060379,2020-11-14 10:24:11,2020-11-14 10:20:30,36934,14034920,36934,380,9,,https://sra-downloadb.be-md.ncbi.nlm.nih.gov/sos2/sra-pub-zq-18/SRR013/13060/SRR13060379/SRR13060379.lite.1,SRX9508236,M00175:A27.1.30_16S,AMPLICON,PCR,METAGENOMIC,PAIRED,0,0,ILLUMINA,Illumina MiSeq,SRP292558,PRJNA674880,,674880,SRS7716775,SAMN16679291,simple,408170,human gut metagenome,A27.1.30_16S,,,,,,,no,,,,,WASHINGTON UNIVERSITY IN ST. LOUIS,SRA1155924,,public,A91B805DCDF90674DC88478ACEE3AAE7,1F1A9ED32AA5CC9DCB300FE2D9C05C67
SRR13060378,2020-11-14 10:24:11,2020-11-14 10:20:25,42483,16143540,42483,380,10,,https://sra-downloadb.be-md.ncbi.nlm.nih.gov/sos3/sra-pub-zq-24/SRR013/13060/SRR13060378/SRR13060378.lite.1,SRX9508237,M00175:A27.1.7_16S,AMPLICON,PCR,METAGENOMIC,PAIRED,0,0,ILLUMINA,Illumina MiSeq,SRP292558,PRJNA674880,,674880,SRS7716774,SAMN16679292,simple,408170,human gut metagenome,A27.1.7_16S,,,,,,,no,,,,,WASHINGTON UNIVERSITY IN ST. LOUIS,SRA1155924,,public,2186EE609A397C15B7282658A07802BE,782029B9688205D095DFB830113752F2
SRR13060377,2020-11-14 10:24:11,2020-11-14 10:20:27,28857,10965660,28857,380,7,,https://sra-downloadb.be-md.ncbi.nlm.nih.gov/sos2/sra-pub-zq-18/SRR013/13060/SRR13060377/SRR13060377.lite.1,SRX9508238,M00175:A28.1.0_16S,AMPLICON,PCR,METAGENOMIC,PAIRED,0,0,ILLUMINA,Illumina MiSeq,SRP292558,PRJNA674880,,674880,SRS7716776,SAMN16679293,simple,408170,human gut metagenome,A28.1.0_16S,,,,,,,no,,,,,WASHINGTON UNIVERSITY IN ST. LOUIS,SRA1155924,,public,5B35FDCF1B6637E068742B51AB8D9C22,2F40C752E23E360BFF2FFFA76318F35D
SRR13060375,2020-11-14 10:24:11,2020-11-14 10:20:07,7,2660,7,380,0,,https://sra-downloadb.be-md.ncbi.nlm.nih.gov/sos2/sra-pub-zq-18/SRR013/13060/SRR13060375/SRR13060375.lite.1,SRX9508240,M00175:A28.1.30_16S,AMPLICON,PCR,METAGENOMIC,PAIRED,0,0,ILLUMINA,Illumina MiSeq,SRP292558,PRJNA674880,,674880,SRS7716777,SAMN16679294,simple,408170,human gut metagenome,A28.1.30_16S,,,,,,,no,,,,,WASHINGTON UNIVERSITY IN ST. LOUIS,SRA1155924,,public,CB2D9658493A61B1B9670DA72841706B,E28D172284A30000275A1C1AF25DB1E0
SRR13060384,2020-11-14 10:24:11,2020-11-14 10:20:24,31584,12001920,31584,380,8,,https://sra-downloadb.be-md.ncbi.nlm.nih.gov/sos2/sra-pub-zq-18/SRR013/13060/SRR13060384/SRR13060384.lite.1,SRX9508231,M00175:A18.2.7_16S,AMPLICON,PCR,METAGENOMIC,PAIRED,0,0,ILLUMINA,Illumina MiSeq,SRP292558,PRJNA674880,,674880,SRS7716770,SAMN16679258,simple,408170,human gut metagenome,A18.2.7_16S,,,,,,,no,,,,,WASHINGTON UNIVERSITY IN ST. LOUIS,SRA1155924,,public,701D62071B20666E6EDFEF4079BD951F,EEC8C5BBD436A6D35C498B8704C376B9
SRR13060383,2020-11-14 10:24:11,2020-11-14 10:20:20,33199,12615620,33199,380,8,,https://sra-downloadb.be-md.ncbi.nlm.nih.gov/sos2/sra-pub-zq-18/SRR013/13060/SRR13060383/SRR13060383.lite.1,SRX9508232,M00175:A24.2.7_16S,AMPLICON,PCR,METAGENOMIC,PAIRED,0,0,ILLUMINA,Illumina MiSeq,SRP292558,PRJNA674880,,674880,SRS7716769,SAMN16679287,simple,408170,human gut metagenome,A24.2.7_16S,,,,,,,no,,,,,WASHINGTON UNIVERSITY IN ST. LOUIS,SRA1155924,,public,B6196317EBDD6BC22D91F3A76C344B2F,9DD34CFA0499571BFDF23B1EDE8A3F42
SRR13060382,2020-11-14 10:24:11,2020-11-14 10:20:31,30697,11664860,30697,380,7,,https://sra-downloadb.be-md.ncbi.nlm.nih.gov/sos2/sra-pub-zq-18/SRR013/13060/SRR13060382/SRR13060382.lite.1,SRX9508233,M00175:A26.1.60_16S,AMPLICON,PCR,METAGENOMIC,PAIRED,0,0,ILLUMINA,Illumina MiSeq,SRP292558,PRJNA674880,,674880,SRS7716771,SAMN16679288,simple,408170,human gut metagenome,A26.1.60_16S,,,,,,,no,,,,,WASHINGTON UNIVERSITY IN ST. LOUIS,SRA1155924,,public,7C1A0C1492B6ED8E27A49AF833E73A20,AB45F7BFB747D98CF796E496220672B6
SRR13060381,2020-11-14 10:24:11,2020-11-14 10:20:23,34557,13131660,34557,380,9,,https://sra-downloadb.be-md.ncbi.nlm.nih.gov/sos2/sra-pub-zq-18/SRR013/13060/SRR13060381/SRR13060381.lite.1,SRX9508234,M00175:A26.1.7_16S,AMPLICON,PCR,METAGENOMIC,PAIRED,0,0,ILLUMINA,Illumina MiSeq,SRP292558,PRJNA674880,,674880,SRS7716772,SAMN16679289,simple,408170,human gut metagenome,A26.1.7_16S,,,,,,,no,,,,,WASHINGTON UNIVERSITY IN ST. LOUIS,SRA1155924,,public,69B85330DD7A843CA986851951739723,A317875468A4C9FBC44CB942A2B6D526
SRR13060380,2020-11-14 10:24:11,2020-11-14 10:20:19,14977,5691260,14977,380,3,,https://sra-downloadb.be-md.ncbi.nlm.nih.gov/sos2/sra-pub-zq-18/SRR013/13060/SRR13060380/SRR13060380.lite.1,SRX9508235,M00175:A27.1.0_16S,AMPLICON,PCR,METAGENOMIC,PAIRED,0,0,ILLUMINA,Illumina MiSeq,SRP292558,PRJNA674880,,674880,SRS7716773,SAMN16679290,simple,408170,human gut metagenome,A27.1.0_16S,,,,,,,no,,,,,WASHINGTON UNIVERSITY IN ST. LOUIS,SRA1155924,,public,0F76C65A4F911992B638DFE49B70388B,9F17D9873D1953A5AFD9E12E58426A1D
SRR13060389,2020-11-14 10:24:11,2020-11-14 10:20:42,617873,166069050,617873,268,67,,https://sra-downloadb.be-md.ncbi.nlm.nih.gov/sos3/sra-pub-zq-24/SRR013/13060/SRR13060389/SRR13060389.lite.1,SRX9508226,NS500153:4.12.DS_wgs,WGS,RANDOM,METAGENOMIC,PAIRED,0,0,ILLUMINA,Illumina HiSeq 2000,SRP292558,PRJNA674880,,674880,SRS7716764,SAMN16679010,simple,408170,human gut metagenome,4.12.DS_wgs,,,,,,,no,,,,,WASHINGTON UNIVERSITY IN ST. LOUIS,SRA1155924,,public,1F7CE44386F351019EFE6DB9D7DF4416,2097A5D1791D6C5D46842913126E4B2B
SRR13060388,2020-11-14 10:24:11,2020-11-14 10:20:23,28836,10957680,28836,380,7,,https://sra-downloadb.be-md.ncbi.nlm.nih.gov/sos2/sra-pub-zq-18/SRR013/13060/SRR13060388/SRR13060388.lite.1,SRX9508227,M00175:A18.1.0_16S,AMPLICON,PCR,METAGENOMIC,PAIRED,0,0,ILLUMINA,Illumina MiSeq,SRP292558,PRJNA674880,,674880,SRS7716765,SAMN16679254,simple,408170,human gut metagenome,A18.1.0_16S,,,,,,,no,,,,,WASHINGTON UNIVERSITY IN ST. LOUIS,SRA1155924,,public,56957A1E2E9E5ABB52246D0B82583ECF,1A65980D3F20ABD07BEDE82D63B26CF5
SRR13060387,2020-11-14 10:24:11,2020-11-14 10:20:40,34635,13161300,34635,380,9,,https://sra-downloadb.be-md.ncbi.nlm.nih.gov/sos2/sra-pub-zq-18/SRR013/13060/SRR13060387/SRR13060387.lite.1,SRX9508228,M00175:A18.2.180_16S,AMPLICON,PCR,METAGENOMIC,PAIRED,0,0,ILLUMINA,Illumina MiSeq,SRP292558,PRJNA674880,,674880,SRS7716766,SAMN16679255,simple,408170,human gut metagenome,A18.2.180_16S,,,,,,,no,,,,,WASHINGTON UNIVERSITY IN ST. LOUIS,SRA1155924,,public,F12D48A0A44E316DDBFEB59BFEE4D2F4,B13E3028839BC70A1B6E3FA5DB410F77
SRR13060386,2020-11-14 10:24:11,2020-11-14 10:20:19,50592,19224960,50592,380,12,,https://sra-downloadb.be-md.ncbi.nlm.nih.gov/sos3/sra-pub-zq-22/SRR013/13060/SRR13060386/SRR13060386.lite.1,SRX9508229,M00175:A18.2.30_16S,AMPLICON,PCR,METAGENOMIC,PAIRED,0,0,ILLUMINA,Illumina MiSeq,SRP292558,PRJNA674880,,674880,SRS7716767,SAMN16679256,simple,408170,human gut metagenome,A18.2.30_16S,,,,,,,no,,,,,WASHINGTON UNIVERSITY IN ST. LOUIS,SRA1155924,,public,EA03E3CEAFA1C24C5270E49BB58D4D67,40A7D308A2FBA8A72B7D9E1FC267D036
SRR13060385,2020-11-14 10:24:11,2020-11-14 10:20:28,48532,18442160,48532,380,12,,https://sra-downloadb.be-md.ncbi.nlm.nih.gov/sos3/sra-pub-zq-24/SRR013/13060/SRR13060385/SRR13060385.lite.1,SRX9508230,M00175:A18.2.60_16S,AMPLICON,PCR,METAGENOMIC,PAIRED,0,0,ILLUMINA,Illumina MiSeq,SRP292558,PRJNA674880,,674880,SRS7716768,SAMN16679257,simple,408170,human gut metagenome,A18.2.60_16S,,,,,,,no,,,,,WASHINGTON UNIVERSITY IN ST. LOUIS,SRA1155924,,public,AD6F69E27B7D69CF5BC16EF2A86CB4F6,9DD1C4EF3034C3D91D62FB49B7AB42B0
SRR13060394,2020-11-14 10:24:11,2020-11-14 10:20:33,57911,22006180,57911,380,14,,https://sra-downloadb.be-md.ncbi.nlm.nih.gov/sos3/sra-pub-zq-24/SRR013/13060/SRR13060394/SRR13060394.lite.1,SRX9508221,M00175:A17.1.7_16S,AMPLICON,PCR,METAGENOMIC,PAIRED,0,0,ILLUMINA,Illumina MiSeq,SRP292558,PRJNA674880,,674880,SRS7716759,SAMN16679249,simple,408170,human gut metagenome,A17.1.7_16S,,,,,,,no,,,,,WASHINGTON UNIVERSITY IN ST. LOUIS,SRA1155924,,public,F7C7732AB9F815A10B0F850AECA113C7,AB19D53D4EC2F822EC8B470FF4679DE8
SRR13060393,2020-11-14 10:24:11,2020-11-14 10:20:31,43789,16639820,43789,380,11,,https://sra-downloadb.be-md.ncbi.nlm.nih.gov/sos3/sra-pub-zq-24/SRR013/13060/SRR13060393/SRR13060393.lite.1,SRX9508222,M00175:A17.2.180_16S,AMPLICON,PCR,METAGENOMIC,PAIRED,0,0,ILLUMINA,Illumina MiSeq,SRP292558,PRJNA674880,,674880,SRS7716760,SAMN16679250,simple,408170,human gut metagenome,A17.2.180_16S,,,,,,,no,,,,,WASHINGTON UNIVERSITY IN ST. LOUIS,SRA1155924,,public,BBB425BB07286DDC4CD58616ACBF3E07,FFBA9BB9581031F9E8EB976A60BDCA1D
SRR13060392,2020-11-14 10:24:11,2020-11-14 10:20:29,50190,19072200,50190,380,12,,https://sra-downloadb.be-md.ncbi.nlm.nih.gov/sos3/sra-pub-zq-24/SRR013/13060/SRR13060392/SRR13060392.lite.1,SRX9508223,M00175:A17.2.30_16S,AMPLICON,PCR,METAGENOMIC,PAIRED,0,0,ILLUMINA,Illumina MiSeq,SRP292558,PRJNA674880,,674880,SRS7716761,SAMN16679251,simple,408170,human gut metagenome,A17.2.30_16S,,,,,,,no,,,,,WASHINGTON UNIVERSITY IN ST. LOUIS,SRA1155924,,public,82B5C29BBA5A1733286D3EB729D80F5C,CF45F4EA91BA72138E9C0BB11E54F380
SRR13060391,2020-11-14 10:24:11,2020-11-14 10:20:28,48118,18284840,48118,380,12,,https://sra-downloadb.be-md.ncbi.nlm.nih.gov/sos3/sra-pub-zq-24/SRR013/13060/SRR13060391/SRR13060391.lite.1,SRX9508224,M00175:A17.2.60_16S,AMPLICON,PCR,METAGENOMIC,PAIRED,0,0,ILLUMINA,Illumina MiSeq,SRP292558,PRJNA674880,,674880,SRS7716762,SAMN16679252,simple,408170,human gut metagenome,A17.2.60_16S,,,,,,,no,,,,,WASHINGTON UNIVERSITY IN ST. LOUIS,SRA1155924,,public,841AADCBD7F7AE5E860F027B1EDE3C4A,03B72F82D5E1DD672C4D5B0178D22844
SRR13060390,2020-11-14 10:24:11,2020-11-14 10:20:27,24902,9462760,24902,380,6,,https://sra-downloadb.be-md.ncbi.nlm.nih.gov/sos2/sra-pub-zq-18/SRR013/13060/SRR13060390/SRR13060390.lite.1,SRX9508225,M00175:A17.2.90_16S,AMPLICON,PCR,METAGENOMIC,PAIRED,0,0,ILLUMINA,Illumina MiSeq,SRP292558,PRJNA674880,,674880,SRS7716763,SAMN16679253,simple,408170,human gut metagenome,A17.2.90_16S,,,,,,,no,,,,,WASHINGTON UNIVERSITY IN ST. LOUIS,SRA1155924,,public,C0ABB13B84B7A3C6685472B265566425,6831C928FCB945C2AD53EA2405296078
SRR13060399,2020-11-14 10:24:11,2020-11-14 10:20:41,43915,16687700,43915,380,11,,https://sra-downloadb.be-md.ncbi.nlm.nih.gov/sos3/sra-pub-zq-22/SRR013/13060/SRR13060399/SRR13060399.lite.1,SRX9508216,M00175:A14.1.30_16S,AMPLICON,PCR,METAGENOMIC,PAIRED,0,0,ILLUMINA,Illumina MiSeq,SRP292558,PRJNA674880,,674880,SRS7716753,SAMN16679244,simple,408170,human gut metagenome,A14.1.30_16S,,,,,,,no,,,,,WASHINGTON UNIVERSITY IN ST. LOUIS,SRA1155924,,public,9FABA72940347D02CD00ED8507143A43,F672D613E774D6FC750B26B98EDFD37A
SRR13060398,2020-11-14 10:24:11,2020-11-14 10:20:37,43708,16609040,43708,380,11,,https://sra-downloadb.be-md.ncbi.nlm.nih.gov/sos3/sra-pub-zq-22/SRR013/13060/SRR13060398/SRR13060398.lite.1,SRX9508217,M00175:A14.1.60_16S,AMPLICON,PCR,METAGENOMIC,PAIRED,0,0,ILLUMINA,Illumina MiSeq,SRP292558,PRJNA674880,,674880,SRS7716755,SAMN16679245,simple,408170,human gut metagenome,A14.1.60_16S,,,,,,,no,,,,,WASHINGTON UNIVERSITY IN ST. LOUIS,SRA1155924,,public,A8D5468D8498AD106164B496D2AEBE8C,7C0DF464E0E11318A90BF545D4F6ECC5
SRR13060397,2020-11-14 10:52:45,2020-11-14 10:20:47,39543,15026340,39543,380,10,,https://sra-downloadb.be-md.ncbi.nlm.nih.gov/sos3/sra-pub-zq-24/SRR013/13060/SRR13060397/SRR13060397.lite.1,SRX9508218,M00175:A14.1.7_16S,AMPLICON,PCR,METAGENOMIC,PAIRED,0,0,ILLUMINA,Illumina MiSeq,SRP292558,PRJNA674880,,674880,SRS7716756,SAMN16679246,simple,408170,human gut metagenome,A14.1.7_16S,,,,,,,no,,,,,WASHINGTON UNIVERSITY IN ST. LOUIS,SRA1155924,,public,5EF8BDF080A011ECBF794EC8DC7E39A6,0455FE77D821AF19E16B27D39258ED96
SRR13060396,2020-11-14 10:24:11,2020-11-14 10:20:37,47007,17862660,47007,380,12,,https://sra-downloadb.be-md.ncbi.nlm.nih.gov/sos3/sra-pub-zq-22/SRR013/13060/SRR13060396/SRR13060396.lite.1,SRX9508219,M00175:A14.2.30_16S,AMPLICON,PCR,METAGENOMIC,PAIRED,0,0,ILLUMINA,Illumina MiSeq,SRP292558,PRJNA674880,,674880,SRS7716757,SAMN16679247,simple,408170,human gut metagenome,A14.2.30_16S,,,,,,,no,,,,,WASHINGTON UNIVERSITY IN ST. LOUIS,SRA1155924,,public,2AB3BCBECBB8D363FE25D0333E266B83,507755154D23CD2D72DAE6E8C540642C
SRR13060395,2020-11-14 10:24:11,2020-11-14 10:20:43,31096,11816480,31096,380,8,,https://sra-downloadb.be-md.ncbi.nlm.nih.gov/sos2/sra-pub-zq-18/SRR013/13060/SRR13060395/SRR13060395.lite.1,SRX9508220,M00175:A17.1.0_16S,AMPLICON,PCR,METAGENOMIC,PAIRED,0,0,ILLUMINA,Illumina MiSeq,SRP292558,PRJNA674880,,674880,SRS7716758,SAMN16679248,simple,408170,human gut metagenome,A17.1.0_16S,,,,,,,no,,,,,WASHINGTON UNIVERSITY IN ST. LOUIS,SRA1155924,,public,852329E31E9FE2C0D783A7FB1A8069C7,C794D4483BBC26E36A84DB3BDF5BE337
SRR13060404,2020-11-14 10:24:11,2020-11-14 10:20:41,21124,8027120,21124,380,5,,https://sra-downloadb.be-md.ncbi.nlm.nih.gov/sos2/sra-pub-zq-18/SRR013/13060/SRR13060404/SRR13060404.lite.1,SRX9508211,M00175:A13.1.30_16S,AMPLICON,PCR,METAGENOMIC,PAIRED,0,0,ILLUMINA,Illumina MiSeq,SRP292558,PRJNA674880,,674880,SRS7716749,SAMN16679240,simple,408170,human gut metagenome,A13.1.30_16S,,,,,,,no,,,,,WASHINGTON UNIVERSITY IN ST. LOUIS,SRA1155924,,public,A09967B9BAF7C7BE0AD637473DA481C6,D6CFB3A051AE6FDF52587A1864475267
SRR13060403,2020-11-14 10:24:11,2020-11-14 10:20:49,36525,13879500,36525,380,9,,https://sra-downloadb.be-md.ncbi.nlm.nih.gov/sos2/sra-pub-zq-18/SRR013/13060/SRR13060403/SRR13060403.lite.1,SRX9508212,M00175:A13.1.60_16S,AMPLICON,PCR,METAGENOMIC,PAIRED,0,0,ILLUMINA,Illumina MiSeq,SRP292558,PRJNA674880,,674880,SRS7716750,SAMN16679241,simple,408170,human gut metagenome,A13.1.60_16S,,,,,,,no,,,,,WASHINGTON UNIVERSITY IN ST. LOUIS,SRA1155924,,public,3F7987CA62C5250303D2F8B7F5AC9C9E,512B215D56DDE0AB550BD8DECCC2F820
SRR13060402,2020-11-14 10:24:11,2020-11-14 10:20:43,43971,16708980,43971,380,11,,https://sra-downloadb.be-md.ncbi.nlm.nih.gov/sos3/sra-pub-zq-24/SRR013/13060/SRR13060402/SRR13060402.lite.1,SRX9508213,M00175:A13.1.7_16S,AMPLICON,PCR,METAGENOMIC,PAIRED,0,0,ILLUMINA,Illumina MiSeq,SRP292558,PRJNA674880,,674880,SRS7716751,SAMN16679242,simple,408170,human gut metagenome,A13.1.7_16S,,,,,,,no,,,,,WASHINGTON UNIVERSITY IN ST. LOUIS,SRA1155924,,public,1754DF91490FEC23180B464BEECC2B02,7E626AC6FAF8980EE7C56A520016A5DB
SRR13060401,2020-11-14 10:24:11,2020-11-14 10:20:32,18292,6950960,18292,380,4,,https://sra-downloadb.be-md.ncbi.nlm.nih.gov/sos2/sra-pub-zq-18/SRR013/13060/SRR13060401/SRR13060401.lite.1,SRX9508214,M00175:A14.1.0_16S,AMPLICON,PCR,METAGENOMIC,PAIRED,0,0,ILLUMINA,Illumina MiSeq,SRP292558,PRJNA674880,,674880,SRS7716752,SAMN16679243,simple,408170,human gut metagenome,A14.1.0_16S,,,,,,,no,,,,,WASHINGTON UNIVERSITY IN ST. LOUIS,SRA1155924,,public,737AA5E2C90606A8E3C37EB8F32FC497,AB997B2939DCAFC953B8AB261B62654D
SRR13060400,2020-11-14 10:24:11,2020-11-14 10:21:54,2171750,596452627,2171750,274,231,,https://sra-downloadb.be-md.ncbi.nlm.nih.gov/sos5/sra-pub-zq-16/SRR013/13060/SRR13060400/SRR13060400.lite.1,SRX9508215,NS500153:4.12.DP_wgs,WGS,RANDOM,METAGENOMIC,PAIRED,0,0,ILLUMINA,Illumina HiSeq 2000,SRP292558,PRJNA674880,,674880,SRS7716754,SAMN16679009,simple,408170,human gut metagenome,4.12.DP_wgs,,,,,,,no,,,,,WASHINGTON UNIVERSITY IN ST. LOUIS,SRA1155924,,public,F33F1F07F799D0C1F8F25BB86E7CB279,67952E7253BD307377F1D92CBB82322C
SRR13060409,2020-11-14 10:24:11,2020-11-14 10:20:42,44691,16982580,44691,380,11,,https://sra-downloadb.be-md.ncbi.nlm.nih.gov/sos3/sra-pub-zq-24/SRR013/13060/SRR13060409/SRR13060409.lite.1,SRX9508206,M00175:A12.1.30_16S,AMPLICON,PCR,METAGENOMIC,PAIRED,0,0,ILLUMINA,Illumina MiSeq,SRP292558,PRJNA674880,,674880,SRS7716744,SAMN16679235,simple,408170,human gut metagenome,A12.1.30_16S,,,,,,,no,,,,,WASHINGTON UNIVERSITY IN ST. LOUIS,SRA1155924,,public,9D6DACC4FCD899E193C5CE49CC8C1F96,ED225DE7B95BB1F9D7C65A8681AAC6C3
SRR13060408,2020-11-14 10:24:11,2020-11-14 10:20:42,43309,16457420,43309,380,11,,https://sra-downloadb.be-md.ncbi.nlm.nih.gov/sos3/sra-pub-zq-24/SRR013/13060/SRR13060408/SRR13060408.lite.1,SRX9508207,M00175:A12.1.60_16S,AMPLICON,PCR,METAGENOMIC,PAIRED,0,0,ILLUMINA,Illumina MiSeq,SRP292558,PRJNA674880,,674880,SRS7716745,SAMN16679236,simple,408170,human gut metagenome,A12.1.60_16S,,,,,,,no,,,,,WASHINGTON UNIVERSITY IN ST. LOUIS,SRA1155924,,public,1D041339AF8E91BA3CC5140148A38CA0,2FA5CFE0A8F16FC8129867DBA1D332AB
SRR13060406,2020-11-14 10:24:11,2020-11-14 10:20:50,40997,15578860,40997,380,10,,https://sra-downloadb.be-md.ncbi.nlm.nih.gov/sos3/sra-pub-zq-24/SRR013/13060/SRR13060406/SRR13060406.lite.1,SRX9508209,M00175:A1.2.60_16S,AMPLICON,PCR,METAGENOMIC,PAIRED,0,0,ILLUMINA,Illumina MiSeq,SRP292558,PRJNA674880,,674880,SRS7716746,SAMN16679238,simple,408170,human gut metagenome,A1.2.60_16S,,,,,,,no,,,,,WASHINGTON UNIVERSITY IN ST. LOUIS,SRA1155924,,public,87C9A62C32007F0105CEA66D7A0AEB0C,F8E91EF7BF96D91CDE7B3991E9D77FD3
SRR13060407,2020-11-14 10:24:11,2020-11-14 10:20:49,53327,20264260,53327,380,13,,https://sra-downloadb.be-md.ncbi.nlm.nih.gov/sos3/sra-pub-zq-22/SRR013/13060/SRR13060407/SRR13060407.lite.1,SRX9508208,M00175:A12.1.7_16S,AMPLICON,PCR,METAGENOMIC,PAIRED,0,0,ILLUMINA,Illumina MiSeq,SRP292558,PRJNA674880,,674880,SRS7716747,SAMN16679237,simple,408170,human gut metagenome,A12.1.7_16S,,,,,,,no,,,,,WASHINGTON UNIVERSITY IN ST. LOUIS,SRA1155924,,public,FE07880837A7F142B7BF96E89DA815E7,957A2C4BB8DE5B2320CD7950063EF325
SRR13060405,2020-11-14 10:24:11,2020-11-14 10:20:48,37101,14098380,37101,380,9,,https://sra-downloadb.be-md.ncbi.nlm.nih.gov/sos2/sra-pub-zq-18/SRR013/13060/SRR13060405/SRR13060405.lite.1,SRX9508210,M00175:A13.1.180_16S,AMPLICON,PCR,METAGENOMIC,PAIRED,0,0,ILLUMINA,Illumina MiSeq,SRP292558,PRJNA674880,,674880,SRS7716748,SAMN16679239,simple,408170,human gut metagenome,A13.1.180_16S,,,,,,,no,,,,,WASHINGTON UNIVERSITY IN ST. LOUIS,SRA1155924,,public,99FF38F8C9B823184140545A02E9CB19,F027C24AFDA97680B990E27FF983B43F
SRR13060414,2020-11-14 10:24:10,2020-11-14 10:20:56,33350,12673000,33350,380,8,,https://sra-downloadb.be-md.ncbi.nlm.nih.gov/sos2/sra-pub-zq-18/SRR013/13060/SRR13060414/SRR13060414.lite.1,SRX9508201,M00175:A11.1.7_16S,AMPLICON,PCR,METAGENOMIC,PAIRED,0,0,ILLUMINA,Illumina MiSeq,SRP292558,PRJNA674880,,674880,SRS7716739,SAMN16679231,simple,408170,human gut metagenome,A11.1.7_16S,,,,,,,no,,,,,WASHINGTON UNIVERSITY IN ST. LOUIS,SRA1155924,,public,6E5817CE4AD2C58781EA41B744793FDE,85FD0CA1DE269D20EC319B9D57F9A763
SRR13060413,2020-11-14 10:24:10,2020-11-14 10:20:43,46944,17838720,46944,380,12,,https://sra-downloadb.be-md.ncbi.nlm.nih.gov/sos3/sra-pub-zq-24/SRR013/13060/SRR13060413/SRR13060413.lite.1,SRX9508202,M00175:A11.1.90_16S,AMPLICON,PCR,METAGENOMIC,PAIRED,0,0,ILLUMINA,Illumina MiSeq,SRP292558,PRJNA674880,,674880,SRS7716740,SAMN16679232,simple,408170,human gut metagenome,A11.1.90_16S,,,,,,,no,,,,,WASHINGTON UNIVERSITY IN ST. LOUIS,SRA1155924,,public,72E4D6EE02A43E5DFCA33719694B1869,8B13DB40A9935EB9DF7F4573C2854979
SRR13060412,2020-11-14 10:24:11,2020-11-14 10:20:48,21968,8347840,21968,380,5,,https://sra-downloadb.be-md.ncbi.nlm.nih.gov/sos2/sra-pub-zq-18/SRR013/13060/SRR13060412/SRR13060412.lite.1,SRX9508203,M00175:A12.1.0_16S,AMPLICON,PCR,METAGENOMIC,PAIRED,0,0,ILLUMINA,Illumina MiSeq,SRP292558,PRJNA674880,,674880,SRS7716741,SAMN16679233,simple,408170,human gut metagenome,A12.1.0_16S,,,,,,,no,,,,,WASHINGTON UNIVERSITY IN ST. LOUIS,SRA1155924,,public,5DC86CA50B4CB0708A199119FBF90ACF,9AAF70F759BE16B80B4E2A29E5AB4B19
SRR13060411,2020-11-14 10:24:11,2020-11-14 10:22:02,2683386,734923331,2683386,273,286,,https://sra-downloadb.be-md.ncbi.nlm.nih.gov/sos3/sra-pub-zq-24/SRR013/13060/SRR13060411/SRR13060411.lite.1,SRX9508204,NS500153:4.11.DS_wgs,WGS,RANDOM,METAGENOMIC,PAIRED,0,0,ILLUMINA,Illumina HiSeq 2000,SRP292558,PRJNA674880,,674880,SRS7716742,SAMN16679008,simple,408170,human gut metagenome,4.11.DS_wgs,,,,,,,no,,,,,WASHINGTON UNIVERSITY IN ST. LOUIS,SRA1155924,,public,2E0BB997F7F83DF096E0B425E0B3D566,7C4CF9B530519E16FE015ECA0A490D88
SRR13060410,2020-11-14 10:24:11,2020-11-14 10:20:48,40488,15385440,40488,380,10,,https://sra-downloadb.be-md.ncbi.nlm.nih.gov/sos3/sra-pub-zq-22/SRR013/13060/SRR13060410/SRR13060410.lite.1,SRX9508205,M00175:A12.1.180_16S,AMPLICON,PCR,METAGENOMIC,PAIRED,0,0,ILLUMINA,Illumina MiSeq,SRP292558,PRJNA674880,,674880,SRS7716743,SAMN16679234,simple,408170,human gut metagenome,A12.1.180_16S,,,,,,,no,,,,,WASHINGTON UNIVERSITY IN ST. LOUIS,SRA1155924,,public,37B730F441C2AE4D0F9D6BC4B5A990D2,6777CC6373372F22805E9347CA0D4F8B
SRR13060415,2020-11-14 10:24:10,2020-11-14 10:20:42,40508,15393040,40508,380,10,,https://sra-downloadb.be-md.ncbi.nlm.nih.gov/sos3/sra-pub-zq-24/SRR013/13060/SRR13060415/SRR13060415.lite.1,SRX9508200,M00175:A11.1.60_16S,AMPLICON,PCR,METAGENOMIC,PAIRED,0,0,ILLUMINA,Illumina MiSeq,SRP292558,PRJNA674880,,674880,SRS7716738,SAMN16679230,simple,408170,human gut metagenome,A11.1.60_16S,,,,,,,no,,,,,WASHINGTON UNIVERSITY IN ST. LOUIS,SRA1155924,,public,EC21E4117C3F79A8838DA2A4D3191A58,2741288753C5C78B6392EB133BDB802D
SRR13060012,2020-11-14 10:24:10,2020-11-14 10:19:43,5264982,1397715052,5264982,265,576,,https://sra-downloadb.be-md.ncbi.nlm.nih.gov/sos3/sra-pub-zq-24/SRR013/13060/SRR13060012/SRR13060012.lite.1,SRX9508196,NS500153:A24.1.0_wgs,WGS,RANDOM,METAGENOMIC,PAIRED,0,0,ILLUMINA,Illumina HiSeq 2000,SRP292558,PRJNA674880,,674880,SRS7716734,SAMN16679079,simple,408170,human gut metagenome,A24.1.0_wgs,,,,,,,no,,,,,WASHINGTON UNIVERSITY IN ST. LOUIS,SRA1155924,,public,48EEE59413EC73A313EF1BC0D79D1EEB,5A16A7ED10A4A9E825F78F8DF7804BFB
SRR13060011,2020-11-14 10:24:10,2020-11-14 10:20:24,6645254,1818723672,6645254,273,699,,https://sra-downloadb.be-md.ncbi.nlm.nih.gov/sos3/sra-pub-zq-24/SRR013/13060/SRR13060011/SRR13060011.lite.1,SRX9508197,NS500153:A24.1.7_wgs,WGS,RANDOM,METAGENOMIC,PAIRED,0,0,ILLUMINA,Illumina HiSeq 2000,SRP292558,PRJNA674880,,674880,SRS7716735,SAMN16679080,simple,408170,human gut metagenome,A24.1.7_wgs,,,,,,,no,,,,,WASHINGTON UNIVERSITY IN ST. LOUIS,SRA1155924,,public,573FE458A6CF16C1289993326DC0A242,57D9EEA5BCA971C3441C43045B983F5A
SRR13060010,2020-11-14 10:24:10,2020-11-14 10:20:12,7645626,2089011905,7645626,273,807,,https://sra-downloadb.be-md.ncbi.nlm.nih.gov/sos3/sra-pub-zq-22/SRR013/13060/SRR13060010/SRR13060010.lite.1,SRX9508198,NS500153:A24.2.0_wgs,WGS,RANDOM,METAGENOMIC,PAIRED,0,0,ILLUMINA,Illumina HiSeq 2000,SRP292558,PRJNA674880,,674880,SRS7716736,SAMN16679081,simple,408170,human gut metagenome,A24.2.0_wgs,,,,,,,no,,,,,WASHINGTON UNIVERSITY IN ST. LOUIS,SRA1155924,,public,11424477D0261B5133378FD6906F1630,F35990EC4D70D74C2DEECC6378596865
SRR13060009,2020-11-14 10:24:10,2020-11-14 10:19:38,4938862,1336221233,4938862,270,533,,https://sra-downloadb.be-md.ncbi.nlm.nih.gov/sos3/sra-pub-zq-24/SRR013/13060/SRR13060009/SRR13060009.lite.1,SRX9508199,NS500153:A24.2.180_wgs,WGS,RANDOM,METAGENOMIC,PAIRED,0,0,ILLUMINA,Illumina HiSeq 2000,SRP292558,PRJNA674880,,674880,SRS7716737,SAMN16679082,simple,408170,human gut metagenome,A24.2.180_wgs,,,,,,,no,,,,,WASHINGTON UNIVERSITY IN ST. LOUIS,SRA1155924,,public,E11506760FB86F1C7CF6C3DC60B6069E,59F2610DB170DF9EBF94F25DE0A4E47A
SRR13060017,2020-11-14 10:24:10,2020-11-14 10:19:15,2258624,616576421,2258624,272,243,,https://sra-downloadb.be-md.ncbi.nlm.nih.gov/sos3/sra-pub-zq-22/SRR013/13060/SRR13060017/SRR13060017.lite.1,SRX9508191,NS500153:A21.1.90_wgs,WGS,RANDOM,METAGENOMIC,PAIRED,0,0,ILLUMINA,Illumina HiSeq 2000,SRP292558,PRJNA674880,,674880,SRS7716729,SAMN16679074,simple,408170,human gut metagenome,A21.1.90_wgs,,,,,,,no,,,,,WASHINGTON UNIVERSITY IN ST. LOUIS,SRA1155924,,public,519B74E0D08E575B5A7A2762D5A66AB1,E9C266A207177D06AE5E20B45D90ECC0
SRR13060016,2020-11-14 10:24:10,2020-11-14 10:18:15,2741909,753054914,2741909,274,290,,https://sra-downloadb.be-md.ncbi.nlm.nih.gov/sos3/sra-pub-zq-22/SRR013/13060/SRR13060016/SRR13060016.lite.1,SRX9508192,NS500153:A23.1.0_wgs,WGS,RANDOM,METAGENOMIC,PAIRED,0,0,ILLUMINA,Illumina HiSeq 2000,SRP292558,PRJNA674880,,674880,SRS7716730,SAMN16679075,simple,408170,human gut metagenome,A23.1.0_wgs,,,,,,,no,,,,,WASHINGTON UNIVERSITY IN ST. LOUIS,SRA1155924,,public,8ABFC8A1A36CA7F0697231E1EE64DD79,BAEABA59ADF93C6D2A5D33C31B7A1DC9
SRR13060015,2020-11-14 10:24:10,2020-11-14 10:18:13,2161495,591415296,2161495,273,230,,https://sra-downloadb.be-md.ncbi.nlm.nih.gov/sos3/sra-pub-zq-22/SRR013/13060/SRR13060015/SRR13060015.lite.1,SRX9508193,NS500153:A23.1.30_wgs,WGS,RANDOM,METAGENOMIC,PAIRED,0,0,ILLUMINA,Illumina HiSeq 2000,SRP292558,PRJNA674880,,674880,SRS7716731,SAMN16679076,simple,408170,human gut metagenome,A23.1.30_wgs,,,,,,,no,,,,,WASHINGTON UNIVERSITY IN ST. LOUIS,SRA1155924,,public,EF5376193A7922B01DF9CE741B74E252,4D1F6471D1F00CB5F401C9B0867ADFBC
SRR13060014,2020-11-14 10:24:10,2020-11-14 10:18:19,2913412,798981432,2913412,274,308,,https://sra-downloadb.be-md.ncbi.nlm.nih.gov/sos3/sra-pub-zq-24/SRR013/13060/SRR13060014/SRR13060014.lite.1,SRX9508194,NS500153:A23.1.60_wgs,WGS,RANDOM,METAGENOMIC,PAIRED,0,0,ILLUMINA,Illumina HiSeq 2000,SRP292558,PRJNA674880,,674880,SRS7716732,SAMN16679077,simple,408170,human gut metagenome,A23.1.60_wgs,,,,,,,no,,,,,WASHINGTON UNIVERSITY IN ST. LOUIS,SRA1155924,,public,C9AC0768FC81E8C4C8BD7EE2F668B823,D1D29B431975E3E9DA14B858A2C666C5
SRR13060013,2020-11-14 10:24:10,2020-11-14 10:17:52,2585711,710019383,2585711,274,274,,https://sra-downloadb.be-md.ncbi.nlm.nih.gov/sos3/sra-pub-zq-24/SRR013/13060/SRR13060013/SRR13060013.lite.1,SRX9508195,NS500153:A23.1.7_wgs,WGS,RANDOM,METAGENOMIC,PAIRED,0,0,ILLUMINA,Illumina HiSeq 2000,SRP292558,PRJNA674880,,674880,SRS7716733,SAMN16679078,simple,408170,human gut metagenome,A23.1.7_wgs,,,,,,,no,,,,,WASHINGTON UNIVERSITY IN ST. LOUIS,SRA1155924,,public,0AD570C086ED459FD9AA35E9C91110F9,CB130D165E2300A30A28CA26F88A50D2
SRR13060022,2020-11-14 10:24:10,2020-11-14 10:18:49,3349699,916432189,3349699,273,361,,https://sra-downloadb.be-md.ncbi.nlm.nih.gov/sos3/sra-pub-zq-22/SRR013/13060/SRR13060022/SRR13060022.lite.1,SRX9508186,NS500153:A21.1.180_wgs,WGS,RANDOM,METAGENOMIC,PAIRED,0,0,ILLUMINA,Illumina HiSeq 2000,SRP292558,PRJNA674880,,674880,SRS7716724,SAMN16679070,simple,408170,human gut metagenome,A21.1.180_wgs,,,,,,,no,,,,,WASHINGTON UNIVERSITY IN ST. LOUIS,SRA1155924,,public,A1443E3E72A782EA06A71EE949605F87,26944E35D34B16710DDB94858138EE35
SRR13060021,2020-11-14 10:24:10,2020-11-14 10:18:58,3181544,874178349,3181544,274,337,,https://sra-downloadb.be-md.ncbi.nlm.nih.gov/sos3/sra-pub-zq-24/SRR013/13060/SRR13060021/SRR13060021.lite.1,SRX9508187,NS500153:A21.1.30_wgs,WGS,RANDOM,METAGENOMIC,PAIRED,0,0,ILLUMINA,Illumina HiSeq 2000,SRP292558,PRJNA674880,,674880,SRS7716725,SAMN16679071,simple,408170,human gut metagenome,A21.1.30_wgs,,,,,,,no,,,,,WASHINGTON UNIVERSITY IN ST. LOUIS,SRA1155924,,public,8D1E7C250F36345872E53C8C4CC13AF1,CF5EADA7D087ADA33835BFABE1F7DBBD
SRR13060020,2020-11-14 10:24:10,2020-11-14 10:18:37,3397703,935252984,3397703,275,357,,https://sra-downloadb.be-md.ncbi.nlm.nih.gov/sos3/sra-pub-zq-24/SRR013/13060/SRR13060020/SRR13060020.lite.1,SRX9508188,NS500153:A21.1.60_wgs,WGS,RANDOM,METAGENOMIC,PAIRED,0,0,ILLUMINA,Illumina HiSeq 2000,SRP292558,PRJNA674880,,674880,SRS7716726,SAMN16679072,simple,408170,human gut metagenome,A21.1.60_wgs,,,,,,,no,,,,,WASHINGTON UNIVERSITY IN ST. LOUIS,SRA1155924,,public,30CEB4D3F6FE44213619059D96816ADB,EEEFA640D7C9E62F343592E5CC83E7D4
SRR13060019,2020-11-14 10:24:10,2020-11-14 10:17:57,2121350,573324088,2121350,270,234,,https://sra-downloadb.be-md.ncbi.nlm.nih.gov/sos3/sra-pub-zq-24/SRR013/13060/SRR13060019/SRR13060019.lite.1,SRX9508189,NS500153:1.5.DS_wgs,WGS,RANDOM,METAGENOMIC,PAIRED,0,0,ILLUMINA,Illumina HiSeq 2000,SRP292558,PRJNA674880,,674880,SRS7716727,SAMN16678992,simple,408170,human gut metagenome,1.5.DS_wgs,,,,,,,no,,,,,WASHINGTON UNIVERSITY IN ST. LOUIS,SRA1155924,,public,28A33B9F7EBBD6FF6C8645D96D6A339C,3A60D8D7589AF9A86736E8A197FDD2EC
SRR13060018,2020-11-14 10:24:10,2020-11-14 10:17:47,1603477,440435358,1603477,274,170,,https://sra-downloadb.be-md.ncbi.nlm.nih.gov/sos3/sra-pub-zq-22/SRR013/13060/SRR13060018/SRR13060018.lite.1,SRX9508190,NS500153:A21.1.7_wgs,WGS,RANDOM,METAGENOMIC,PAIRED,0,0,ILLUMINA,Illumina HiSeq 2000,SRP292558,PRJNA674880,,674880,SRS7716728,SAMN16679073,simple,408170,human gut metagenome,A21.1.7_wgs,,,,,,,no,,,,,WASHINGTON UNIVERSITY IN ST. LOUIS,SRA1155924,,public,225FC9C58FD763762C7C37A6B8B5E623,4B557FCF98DB0F21537FF21C847EDDF3
SRR13060027,2020-11-14 10:24:10,2020-11-14 10:19:15,3601744,985863108,3601744,273,387,,https://sra-downloadb.be-md.ncbi.nlm.nih.gov/sos3/sra-pub-zq-22/SRR013/13060/SRR13060027/SRR13060027.lite.1,SRX9508181,NS500153:A20.1.7_wgs,WGS,RANDOM,METAGENOMIC,PAIRED,0,0,ILLUMINA,Illumina HiSeq 2000,SRP292558,PRJNA674880,,674880,SRS7716719,SAMN16679065,simple,408170,human gut metagenome,A20.1.7_wgs,,,,,,,no,,,,,WASHINGTON UNIVERSITY IN ST. LOUIS,SRA1155924,,public,FFBA6BE5C5C3719BCE35F6A630264978,9F7310893EB435716ACEE4B1A4976509
SRR13060026,2020-11-14 10:24:10,2020-11-14 10:18:02,2578482,705136290,2578482,273,276,,https://sra-downloadb.be-md.ncbi.nlm.nih.gov/sos3/sra-pub-zq-24/SRR013/13060/SRR13060026/SRR13060026.lite.1,SRX9508182,NS500153:A20.2.30_wgs,WGS,RANDOM,METAGENOMIC,PAIRED,0,0,ILLUMINA,Illumina HiSeq 2000,SRP292558,PRJNA674880,,674880,SRS7716720,SAMN16679066,simple,408170,human gut metagenome,A20.2.30_wgs,,,,,,,no,,,,,WASHINGTON UNIVERSITY IN ST. LOUIS,SRA1155924,,public,17BB63E0DF0C36608EF71BFCC3571A32,75851F620BD5EEC034C015806FC4F719
SRR13060025,2020-11-14 10:24:10,2020-11-14 10:18:02,3075247,841915268,3075247,273,328,,https://sra-downloadb.be-md.ncbi.nlm.nih.gov/sos3/sra-pub-zq-24/SRR013/13060/SRR13060025/SRR13060025.lite.1,SRX9508183,NS500153:A20.2.60_wgs,WGS,RANDOM,METAGENOMIC,PAIRED,0,0,ILLUMINA,Illumina HiSeq 2000,SRP292558,PRJNA674880,,674880,SRS7716721,SAMN16679067,simple,408170,human gut metagenome,A20.2.60_wgs,,,,,,,no,,,,,WASHINGTON UNIVERSITY IN ST. LOUIS,SRA1155924,,public,F197A8F28616A3A05F328DA31890C025,313436D707BD5D33DBE2F16900259514
SRR13060024,2020-11-14 10:24:10,2020-11-14 10:18:10,2613592,708240913,2613592,270,286,,https://sra-downloadb.be-md.ncbi.nlm.nih.gov/sos3/sra-pub-zq-24/SRR013/13060/SRR13060024/SRR13060024.lite.1,SRX9508184,NS500153:A20.2.7_wgs,WGS,RANDOM,METAGENOMIC,PAIRED,0,0,ILLUMINA,Illumina HiSeq 2000,SRP292558,PRJNA674880,,674880,SRS7716722,SAMN16679068,simple,408170,human gut metagenome,A20.2.7_wgs,,,,,,,no,,,,,WASHINGTON UNIVERSITY IN ST. LOUIS,SRA1155924,,public,7D675FD8CD303F4957AF7755E634B5A2,21591927D0857DDF81B44E35AD6BCD53
SRR13060023,2020-11-14 10:24:10,2020-11-14 10:17:02,38331,10384048,38331,270,4,,https://sra-downloadb.be-md.ncbi.nlm.nih.gov/sos2/sra-pub-zq-18/SRR013/13060/SRR13060023/SRR13060023.lite.1,SRX9508185,NS500153:A20.2.90_wgs,WGS,RANDOM,METAGENOMIC,PAIRED,0,0,ILLUMINA,Illumina HiSeq 2000,SRP292558,PRJNA674880,,674880,SRS7716723,SAMN16679069,simple,408170,human gut metagenome,A20.2.90_wgs,,,,,,,no,,,,,WASHINGTON UNIVERSITY IN ST. LOUIS,SRA1155924,,public,FAD17785E4AAE9F59BBF2D5E4F42BBFA,60AE21D3BDCC2FBCC7B45B042101F04A
SRR13060030,2020-11-14 10:24:10,2020-11-14 10:17:48,1687302,456234154,1687302,270,184,,https://sra-downloadb.be-md.ncbi.nlm.nih.gov/sos3/sra-pub-zq-22/SRR013/13060/SRR13060030/SRR13060030.lite.1,SRX9508178,NS500153:1.5.DP_wgs,WGS,RANDOM,METAGENOMIC,PAIRED,0,0,ILLUMINA,Illumina HiSeq 2000,SRP292558,PRJNA674880,,674880,SRS7716716,SAMN16678991,simple,408170,human gut metagenome,1.5.DP_wgs,,,,,,,no,,,,,WASHINGTON UNIVERSITY IN ST. LOUIS,SRA1155924,,public,C1DF0BF01137CFA2592FF24B743D679A,B75166C6D09737DC7297F1A0E9151ED3
SRR13060028,2020-11-14 10:24:10,2020-11-14 10:17:35,1557602,426628538,1557602,273,166,,https://sra-downloadb.be-md.ncbi.nlm.nih.gov/sos3/sra-pub-zq-24/SRR013/13060/SRR13060028/SRR13060028.lite.1,SRX9508180,NS500153:A1.2.60_wgs,WGS,RANDOM,METAGENOMIC,PAIRED,0,0,ILLUMINA,Illumina HiSeq 2000,SRP292558,PRJNA674880,,674880,SRS7716718,SAMN16679064,simple,408170,human gut metagenome,A1.2.60_wgs,,,,,,,no,,,,,WASHINGTON UNIVERSITY IN ST. LOUIS,SRA1155924,,public,BC63C8300B64A43A43DF6A071DD9845E,8D2563C015FF02FC5DF1C54700A33677
SRR13060032,2020-11-14 10:24:10,2020-11-14 10:19:15,4912556,1346095651,4912556,274,528,,https://sra-downloadb.be-md.ncbi.nlm.nih.gov/sos3/sra-pub-zq-22/SRR013/13060/SRR13060032/SRR13060032.lite.1,SRX9508176,NS500153:A18.2.30_wgs,WGS,RANDOM,METAGENOMIC,PAIRED,0,0,ILLUMINA,Illumina HiSeq 2000,SRP292558,PRJNA674880,,674880,SRS7716714,SAMN16679061,simple,408170,human gut metagenome,A18.2.30_wgs,,,,,,,no,,,,,WASHINGTON UNIVERSITY IN ST. LOUIS,SRA1155924,,public,41BC77849549A81B40F77E7071E79778,DBFAAF0ACC41F4D95CEDF51DF0945119
SRR13060031,2020-11-14 10:24:10,2020-11-14 10:17:32,1433192,383896142,1433192,267,160,,https://sra-downloadb.be-md.ncbi.nlm.nih.gov/sos3/sra-pub-zq-24/SRR013/13060/SRR13060031/SRR13060031.lite.1,SRX9508177,NS500153:A18.2.60_wgs,WGS,RANDOM,METAGENOMIC,PAIRED,0,0,ILLUMINA,Illumina HiSeq 2000,SRP292558,PRJNA674880,,674880,SRS7716715,SAMN16679062,simple,408170,human gut metagenome,A18.2.60_wgs,,,,,,,no,,,,,WASHINGTON UNIVERSITY IN ST. LOUIS,SRA1155924,,public,CA63DD7F16ADF9D4F35FD01B3DC3A3A2,A280F55C4423CC3C5B6503F3EDA4CAF9
SRR13060029,2020-11-14 10:24:10,2020-11-14 10:16:52,27140,7386129,27140,272,2,,https://sra-downloadb.be-md.ncbi.nlm.nih.gov/sos2/sra-pub-zq-18/SRR013/13060/SRR13060029/SRR13060029.lite.1,SRX9508179,NS500153:A18.2.7_wgs,WGS,RANDOM,METAGENOMIC,PAIRED,0,0,ILLUMINA,Illumina HiSeq 2000,SRP292558,PRJNA674880,,674880,SRS7716717,SAMN16679063,simple,408170,human gut metagenome,A18.2.7_wgs,,,,,,,no,,,,,WASHINGTON UNIVERSITY IN ST. LOUIS,SRA1155924,,public,2A8BD4F7073B0EAEC1BE7D7E04ACC36C,B7542B26D99A31DC7594C4FB85FC14C2
SRR13060037,2020-11-14 10:24:10,2020-11-14 10:20:16,6546667,1793338124,6546667,273,698,,https://sra-downloadb.be-md.ncbi.nlm.nih.gov/sos3/sra-pub-zq-22/SRR013/13060/SRR13060037/SRR13060037.lite.1,SRX9508171,NS500153:A17.2.30_wgs,WGS,RANDOM,METAGENOMIC,PAIRED,0,0,ILLUMINA,Illumina HiSeq 2000,SRP292558,PRJNA674880,,674880,SRS7716709,SAMN16679056,simple,408170,human gut metagenome,A17.2.30_wgs,,,,,,,no,,,,,WASHINGTON UNIVERSITY IN ST. LOUIS,SRA1155924,,public,2417EE6F3EC160838E516E5245BBD09D,3897675B772A466E8E724722917968FB
SRR13060036,2020-11-14 10:24:10,2020-11-14 10:17:00,96501,26225839,96501,271,10,,https://sra-downloadb.be-md.ncbi.nlm.nih.gov/sos3/sra-pub-zq-24/SRR013/13060/SRR13060036/SRR13060036.lite.1,SRX9508172,NS500153:A17.2.60_wgs,WGS,RANDOM,METAGENOMIC,PAIRED,0,0,ILLUMINA,Illumina HiSeq 2000,SRP292558,PRJNA674880,,674880,SRS7716710,SAMN16679057,simple,408170,human gut metagenome,A17.2.60_wgs,,,,,,,no,,,,,WASHINGTON UNIVERSITY IN ST. LOUIS,SRA1155924,,public,9849A399851EDEAD21F7D7A48B270488,0D8858E32E7BFDCA66AEADDA03C21FA5
SRR13060035,2020-11-14 10:24:10,2020-11-14 10:17:09,176511,48657887,176511,275,18,,https://sra-downloadb.be-md.ncbi.nlm.nih.gov/sos3/sra-pub-zq-22/SRR013/13060/SRR13060035/SRR13060035.lite.1,SRX9508173,NS500153:A17.2.90_wgs,WGS,RANDOM,METAGENOMIC,PAIRED,0,0,ILLUMINA,Illumina HiSeq 2000,SRP292558,PRJNA674880,,674880,SRS7716711,SAMN16679058,simple,408170,human gut metagenome,A17.2.90_wgs,,,,,,,no,,,,,WASHINGTON UNIVERSITY IN ST. LOUIS,SRA1155924,,public,90D71718CED2122907A6BB5CE35EF39C,675ADD6B6340609D276CF29966F1823A
SRR13060034,2020-11-14 10:24:10,2020-11-14 10:18:50,4268794,1160345956,4268794,271,463,,https://sra-downloadb.be-md.ncbi.nlm.nih.gov/sos3/sra-pub-zq-22/SRR013/13060/SRR13060034/SRR13060034.lite.1,SRX9508174,NS500153:A18.1.0_wgs,WGS,RANDOM,METAGENOMIC,PAIRED,0,0,ILLUMINA,Illumina HiSeq 2000,SRP292558,PRJNA674880,,674880,SRS7716712,SAMN16679059,simple,408170,human gut metagenome,A18.1.0_wgs,,,,,,,no,,,,,WASHINGTON UNIVERSITY IN ST. LOUIS,SRA1155924,,public,91D8A88B19043724B1ECA37513A436F4,D8F5A8360FFE980BB52BDD9ECAF15E03
SRR13060033,2020-11-14 10:24:10,2020-11-14 10:17:35,1705868,465849513,1705868,273,183,,https://sra-downloadb.be-md.ncbi.nlm.nih.gov/sos3/sra-pub-zq-24/SRR013/13060/SRR13060033/SRR13060033.lite.1,SRX9508175,NS500153:A18.2.180_wgs,WGS,RANDOM,METAGENOMIC,PAIRED,0,0,ILLUMINA,Illumina HiSeq 2000,SRP292558,PRJNA674880,,674880,SRS7716713,SAMN16679060,simple,408170,human gut metagenome,A18.2.180_wgs,,,,,,,no,,,,,WASHINGTON UNIVERSITY IN ST. LOUIS,SRA1155924,,public,EC116DD55B4D3EE425E61560A003554A,2118523728AD7AA074654741B9A8A3E8
SRR13060041,2020-11-14 10:24:10,2020-11-14 10:17:55,1601951,435404103,1601951,271,174,,https://sra-downloadb.be-md.ncbi.nlm.nih.gov/sos3/sra-pub-zq-24/SRR013/13060/SRR13060041/SRR13060041.lite.1,SRX9508167,NS500153:1.4.DS_wgs,WGS,RANDOM,METAGENOMIC,PAIRED,0,0,ILLUMINA,Illumina HiSeq 2000,SRP292558,PRJNA674880,,674880,SRS7716705,SAMN16678990,simple,408170,human gut metagenome,1.4.DS_wgs,,,,,,,no,,,,,WASHINGTON UNIVERSITY IN ST. LOUIS,SRA1155924,,public,A6DCB9B1BFF81DDC65504E4F72FF99DC,F5A56FAB742C2DBD5EFFF7D1FE049BE0
SRR13060042,2020-11-14 10:24:10,2020-11-14 10:20:57,6438736,1767253306,6438736,274,680,,https://sra-downloadb.be-md.ncbi.nlm.nih.gov/sos3/sra-pub-zq-22/SRR013/13060/SRR13060042/SRR13060042.lite.1,SRX9508166,NS500153:A14.2.30_wgs,WGS,RANDOM,METAGENOMIC,PAIRED,0,0,ILLUMINA,Illumina HiSeq 2000,SRP292558,PRJNA674880,,674880,SRS7716704,SAMN16679052,simple,408170,human gut metagenome,A14.2.30_wgs,,,,,,,no,,,,,WASHINGTON UNIVERSITY IN ST. LOUIS,SRA1155924,,public,D552E08746BC25FC04B093F1CA5B91D3,7B29E997B50E7CF5C20AC551ED36E2D9
SRR13060040,2020-11-14 10:24:10,2020-11-14 10:20:05,5258628,1446040585,5258628,274,556,,https://sra-downloadb.be-md.ncbi.nlm.nih.gov/sos3/sra-pub-zq-24/SRR013/13060/SRR13060040/SRR13060040.lite.1,SRX9508168,NS500153:A17.1.0_wgs,WGS,RANDOM,METAGENOMIC,PAIRED,0,0,ILLUMINA,Illumina HiSeq 2000,SRP292558,PRJNA674880,,674880,SRS7716706,SAMN16679053,simple,408170,human gut metagenome,A17.1.0_wgs,,,,,,,no,,,,,WASHINGTON UNIVERSITY IN ST. LOUIS,SRA1155924,,public,B3B7881A89838BF5241788FE1C9ACEFD,69F4BE563E4B48174BB95832C3606691
SRR13060039,2020-11-14 10:24:10,2020-11-14 10:18:13,2255512,606545658,2255512,268,250,,https://sra-downloadb.be-md.ncbi.nlm.nih.gov/sos3/sra-pub-zq-22/SRR013/13060/SRR13060039/SRR13060039.lite.1,SRX9508169,NS500153:A17.1.7_wgs,WGS,RANDOM,METAGENOMIC,PAIRED,0,0,ILLUMINA,Illumina HiSeq 2000,SRP292558,PRJNA674880,,674880,SRS7716707,SAMN16679054,simple,408170,human gut metagenome,A17.1.7_wgs,,,,,,,no,,,,,WASHINGTON UNIVERSITY IN ST. LOUIS,SRA1155924,,public,2881DA195AEF257E6F44AD5A9BFCF535,5EFCF224391F23B07D82B2901904F1BD
SRR13060038,2020-11-14 10:24:10,2020-11-14 10:18:11,2246425,611285471,2246425,272,244,,https://sra-downloadb.be-md.ncbi.nlm.nih.gov/sos3/sra-pub-zq-22/SRR013/13060/SRR13060038/SRR13060038.lite.1,SRX9508170,NS500153:A17.2.180_wgs,WGS,RANDOM,METAGENOMIC,PAIRED,0,0,ILLUMINA,Illumina HiSeq 2000,SRP292558,PRJNA674880,,674880,SRS7716708,SAMN16679055,simple,408170,human gut metagenome,A17.2.180_wgs,,,,,,,no,,,,,WASHINGTON UNIVERSITY IN ST. LOUIS,SRA1155924,,public,B98312E048FBD0E8A91271083E77E3D7,3CED2CBEDE235389B83F378CE6C70F0B
SRR13060047,2020-11-14 10:24:10,2020-11-14 10:19:16,3584247,977020710,3584247,272,369,,https://sra-downloadb.be-md.ncbi.nlm.nih.gov/sos3/sra-pub-zq-22/SRR013/13060/SRR13060047/SRR13060047.lite.1,SRX9508161,NS500153:A13.1.7_wgs,WGS,RANDOM,METAGENOMIC,PAIRED,0,0,ILLUMINA,Illumina HiSeq 2000,SRP292558,PRJNA674880,,674880,SRS7716699,SAMN16679047,simple,408170,human gut metagenome,A13.1.7_wgs,,,,,,,no,,,,,WASHINGTON UNIVERSITY IN ST. LOUIS,SRA1155924,,public,D4333E4F391777A852B4136E3EF0C126,5CF677382FA556A74C4DE6AAD5E12446
SRR13060046,2020-11-14 10:24:10,2020-11-14 10:21:26,7371301,2016702205,7371301,273,784,,https://sra-downloadb.be-md.ncbi.nlm.nih.gov/sos3/sra-pub-zq-24/SRR013/13060/SRR13060046/SRR13060046.lite.1,SRX9508162,NS500153:A14.1.0_wgs,WGS,RANDOM,METAGENOMIC,PAIRED,0,0,ILLUMINA,Illumina HiSeq 2000,SRP292558,PRJNA674880,,674880,SRS7716700,SAMN16679048,simple,408170,human gut metagenome,A14.1.0_wgs,,,,,,,no,,,,,WASHINGTON UNIVERSITY IN ST. LOUIS,SRA1155924,,public,EA6F1F2926AAAE2451619F96A2E2BE3C,6CC9FCBE1769E562047DD8C556D3DC89
SRR13060045,2020-11-14 10:24:10,2020-11-14 10:20:52,6811511,1872082753,6811511,274,719,,https://sra-downloadb.be-md.ncbi.nlm.nih.gov/sos3/sra-pub-zq-22/SRR013/13060/SRR13060045/SRR13060045.lite.1,SRX9508163,NS500153:A14.1.30_wgs,WGS,RANDOM,METAGENOMIC,PAIRED,0,0,ILLUMINA,Illumina HiSeq 2000,SRP292558,PRJNA674880,,674880,SRS7716701,SAMN16679049,simple,408170,human gut metagenome,A14.1.30_wgs,,,,,,,no,,,,,WASHINGTON UNIVERSITY IN ST. LOUIS,SRA1155924,,public,03716F5161FC304B2CE5DBAA1AF1B214,A8ECA55206B901E11CCCA12D5627A8B3
SRR13060044,2020-11-14 10:24:10,2020-11-14 10:20:42,7551050,2070203287,7551050,274,798,,https://sra-downloadb.be-md.ncbi.nlm.nih.gov/sos3/sra-pub-zq-24/SRR013/13060/SRR13060044/SRR13060044.lite.1,SRX9508164,NS500153:A14.1.60_wgs,WGS,RANDOM,METAGENOMIC,PAIRED,0,0,ILLUMINA,Illumina HiSeq 2000,SRP292558,PRJNA674880,,674880,SRS7716702,SAMN16679050,simple,408170,human gut metagenome,A14.1.60_wgs,,,,,,,no,,,,,WASHINGTON UNIVERSITY IN ST. LOUIS,SRA1155924,,public,21F8320E02719F6EF138682F0A9EA7A6,D83438F8796DBE5F55E63D991EE7AFE6
SRR13060043,2020-11-14 10:24:10,2020-11-14 10:21:25,7091878,1942775828,7091878,273,744,,https://sra-downloadb.be-md.ncbi.nlm.nih.gov/sos3/sra-pub-zq-22/SRR013/13060/SRR13060043/SRR13060043.lite.1,SRX9508165,NS500153:A14.1.7_wgs,WGS,RANDOM,METAGENOMIC,PAIRED,0,0,ILLUMINA,Illumina HiSeq 2000,SRP292558,PRJNA674880,,674880,SRS7716703,SAMN16679051,simple,408170,human gut metagenome,A14.1.7_wgs,,,,,,,no,,,,,WASHINGTON UNIVERSITY IN ST. LOUIS,SRA1155924,,public,2C1027972BEB2E05C9184DF68A2CF9C1,CD4F00686C496DC684B228008B24E972
SRR13060052,2020-11-14 10:24:10,2020-11-14 10:18:34,2679558,732264929,2679558,273,288,,https://sra-downloadb.be-md.ncbi.nlm.nih.gov/sos3/sra-pub-zq-24/SRR013/13060/SRR13060052/SRR13060052.lite.1,SRX9508156,NS500153:1.4.DP_wgs,WGS,RANDOM,METAGENOMIC,PAIRED,0,0,ILLUMINA,Illumina HiSeq 2000,SRP292558,PRJNA674880,,674880,SRS7716694,SAMN16678989,simple,408170,human gut metagenome,1.4.DP_wgs,,,,,,,no,,,,,WASHINGTON UNIVERSITY IN ST. LOUIS,SRA1155924,,public,9C7B5D86BC5D779BA7FBE6F6682DA17F,69569FBEA60F2D1D4CDCD7FEC16503F1
SRR13060051,2020-11-14 10:24:10,2020-11-14 10:19:31,3626391,982424501,3626391,270,382,,https://sra-downloadb.be-md.ncbi.nlm.nih.gov/sos3/sra-pub-zq-24/SRR013/13060/SRR13060051/SRR13060051.lite.1,SRX9508157,NS500153:A12.1.7_wgs,WGS,RANDOM,METAGENOMIC,PAIRED,0,0,ILLUMINA,Illumina HiSeq 2000,SRP292558,PRJNA674880,,674880,SRS7716695,SAMN16679043,simple,408170,human gut metagenome,A12.1.7_wgs,,,,,,,no,,,,,WASHINGTON UNIVERSITY IN ST. LOUIS,SRA1155924,,public,8081C8E84C370F30B60A20C0B2D29384,759EE07A825C7F60FE222185F344B99F
SRR13060050,2020-11-14 10:24:10,2020-11-14 10:17:28,195809,53598462,195809,273,21,,https://sra-downloadb.be-md.ncbi.nlm.nih.gov/sos3/sra-pub-zq-24/SRR013/13060/SRR13060050/SRR13060050.lite.1,SRX9508158,NS500153:A13.1.180_wgs,WGS,RANDOM,METAGENOMIC,PAIRED,0,0,ILLUMINA,Illumina HiSeq 2000,SRP292558,PRJNA674880,,674880,SRS7716696,SAMN16679044,simple,408170,human gut metagenome,A13.1.180_wgs,,,,,,,no,,,,,WASHINGTON UNIVERSITY IN ST. LOUIS,SRA1155924,,public,5603C02AAD751144D354356C58400FAC,E86B02A6CF34EF04616E978CCA94593A
SRR13060049,2020-11-14 10:24:10,2020-11-14 10:18:40,2185653,594531874,2185653,272,230,,https://sra-downloadb.be-md.ncbi.nlm.nih.gov/sos3/sra-pub-zq-22/SRR013/13060/SRR13060049/SRR13060049.lite.1,SRX9508159,NS500153:A13.1.30_wgs,WGS,RANDOM,METAGENOMIC,PAIRED,0,0,ILLUMINA,Illumina HiSeq 2000,SRP292558,PRJNA674880,,674880,SRS7716697,SAMN16679045,simple,408170,human gut metagenome,A13.1.30_wgs,,,,,,,no,,,,,WASHINGTON UNIVERSITY IN ST. LOUIS,SRA1155924,,public,B46E8E38DF1534D7B8AB6964BBC3B1FA,5E444530A616CC59F81DF9CF7B846EA7
SRR13060048,2020-11-14 10:24:10,2020-11-14 10:18:20,2052749,561648541,2052749,273,217,,https://sra-downloadb.be-md.ncbi.nlm.nih.gov/sos3/sra-pub-zq-24/SRR013/13060/SRR13060048/SRR13060048.lite.1,SRX9508160,NS500153:A13.1.60_wgs,WGS,RANDOM,METAGENOMIC,PAIRED,0,0,ILLUMINA,Illumina HiSeq 2000,SRP292558,PRJNA674880,,674880,SRS7716698,SAMN16679046,simple,408170,human gut metagenome,A13.1.60_wgs,,,,,,,no,,,,,WASHINGTON UNIVERSITY IN ST. LOUIS,SRA1155924,,public,25FB776CE9A57307A7EF262B7C726CEB,94C22A803543D577E815B6B0B8F908B7
SRR13060057,2020-11-14 10:24:10,2020-11-14 10:19:11,1711666,463051746,1711666,270,186,,https://sra-downloadb.be-md.ncbi.nlm.nih.gov/sos3/sra-pub-zq-24/SRR013/13060/SRR13060057/SRR13060057.lite.1,SRX9508151,NS500153:A11.1.90_wgs,WGS,RANDOM,METAGENOMIC,PAIRED,0,0,ILLUMINA,Illumina HiSeq 2000,SRP292558,PRJNA674880,,674880,SRS7716689,SAMN16679038,simple,408170,human gut metagenome,A11.1.90_wgs,,,,,,,no,,,,,WASHINGTON UNIVERSITY IN ST. LOUIS,SRA1155924,,public,4676CDADFD1193D701088F5D05905310,0C377F4A82CF67F2A8E75069E1298025
SRR13060056,2020-11-14 10:24:10,2020-11-14 10:18:48,2067792,552015199,2067792,266,230,,https://sra-downloadb.be-md.ncbi.nlm.nih.gov/sos3/sra-pub-zq-22/SRR013/13060/SRR13060056/SRR13060056.lite.1,SRX9508152,NS500153:A12.1.0_wgs,WGS,RANDOM,METAGENOMIC,PAIRED,0,0,ILLUMINA,Illumina HiSeq 2000,SRP292558,PRJNA674880,,674880,SRS7716690,SAMN16679039,simple,408170,human gut metagenome,A12.1.0_wgs,,,,,,,no,,,,,WASHINGTON UNIVERSITY IN ST. LOUIS,SRA1155924,,public,BEDFFB03C6EFB765BEA3DEB7631C34BA,10942382BBB4EB939158A126AEE0EC90
SRR13060055,2020-11-14 10:24:10,2020-11-14 10:17:34,177552,48275163,177552,271,19,,https://sra-downloadb.be-md.ncbi.nlm.nih.gov/sos3/sra-pub-zq-24/SRR013/13060/SRR13060055/SRR13060055.lite.1,SRX9508153,NS500153:A12.1.180_wgs,WGS,RANDOM,METAGENOMIC,PAIRED,0,0,ILLUMINA,Illumina HiSeq 2000,SRP292558,PRJNA674880,,674880,SRS7716691,SAMN16679040,simple,408170,human gut metagenome,A12.1.180_wgs,,,,,,,no,,,,,WASHINGTON UNIVERSITY IN ST. LOUIS,SRA1155924,,public,A216B6788579937B84C848671BAE9EFD,437D5F3A6E8536236112F45DBE95E60C
SRR13060054,2020-11-14 10:24:10,2020-11-14 10:17:26,27029,7258305,27029,268,3,,https://sra-downloadb.be-md.ncbi.nlm.nih.gov/sos2/sra-pub-zq-18/SRR013/13060/SRR13060054/SRR13060054.lite.1,SRX9508154,NS500153:A12.1.30_wgs,WGS,RANDOM,METAGENOMIC,PAIRED,0,0,ILLUMINA,Illumina HiSeq 2000,SRP292558,PRJNA674880,,674880,SRS7716692,SAMN16679041,simple,408170,human gut metagenome,A12.1.30_wgs,,,,,,,no,,,,,WASHINGTON UNIVERSITY IN ST. LOUIS,SRA1155924,,public,D6AC5A30AB3F075B163CC9568AB7EA60,E52FE1BA509EA0664DF6BC9665BC5422
SRR13060053,2020-11-14 10:24:10,2020-11-14 10:19:10,4190207,1143412182,4190207,272,444,,https://sra-downloadb.be-md.ncbi.nlm.nih.gov/sos3/sra-pub-zq-24/SRR013/13060/SRR13060053/SRR13060053.lite.1,SRX9508155,NS500153:A12.1.60_wgs,WGS,RANDOM,METAGENOMIC,PAIRED,0,0,ILLUMINA,Illumina HiSeq 2000,SRP292558,PRJNA674880,,674880,SRS7716693,SAMN16679042,simple,408170,human gut metagenome,A12.1.60_wgs,,,,,,,no,,,,,WASHINGTON UNIVERSITY IN ST. LOUIS,SRA1155924,,public,B7732FA6A6FCFEFAB10DA07E73157C85,9CAC45B7C654286C3C856C898BF9CE06
SRR13060059,2020-11-14 10:24:10,2020-11-14 10:18:49,1979959,533641912,1979959,269,219,,https://sra-downloadb.be-md.ncbi.nlm.nih.gov/sos3/sra-pub-zq-22/SRR013/13060/SRR13060059/SRR13060059.lite.1,SRX9508149,NS500153:A11.1.60_wgs,WGS,RANDOM,METAGENOMIC,PAIRED,0,0,ILLUMINA,Illumina HiSeq 2000,SRP292558,PRJNA674880,,674880,SRS7716687,SAMN16679036,simple,408170,human gut metagenome,A11.1.60_wgs,,,,,,,no,,,,,WASHINGTON UNIVERSITY IN ST. LOUIS,SRA1155924,,public,505646B4A41E2BADE3A2BA6ED92A9C8B,C070678DF3214504920811C2CC36F623
SRR13060058,2020-11-14 10:24:10,2020-11-14 10:17:41,171444,46684527,171444,272,18,,https://sra-downloadb.be-md.ncbi.nlm.nih.gov/sos3/sra-pub-zq-24/SRR013/13060/SRR13060058/SRR13060058.lite.1,SRX9508150,NS500153:A11.1.7_wgs,WGS,RANDOM,METAGENOMIC,PAIRED,0,0,ILLUMINA,Illumina HiSeq 2000,SRP292558,PRJNA674880,,674880,SRS7716688,SAMN16679037,simple,408170,human gut metagenome,A11.1.7_wgs,,,,,,,no,,,,,WASHINGTON UNIVERSITY IN ST. LOUIS,SRA1155924,,public,A347390CC3E6295A42AEC94FF4C860A6,3CE1B7BC92A7954C570BC380A19986BC
SRR13060062,2020-11-14 10:24:09,2020-11-14 10:17:44,38944,14798720,38944,380,10,,https://sra-downloadb.be-md.ncbi.nlm.nih.gov/sos3/sra-pub-zq-24/SRR013/13060/SRR13060062/SRR13060062.lite.1,SRX9508146,M00175:A24.2.180_16S,AMPLICON,PCR,METAGENOMIC,PAIRED,0,0,ILLUMINA,Illumina MiSeq,SRP292558,PRJNA674880,,674880,SRS7716684,SAMN16679284,simple,408170,human gut metagenome,A24.2.180_16S,,,,,,,no,,,,,WASHINGTON UNIVERSITY IN ST. LOUIS,SRA1155924,,public,F94211A241DBFBBF8082EF94346EA555,B1482A30D38F6AD81840DFA0CEE98F24
SRR13060061,2020-11-14 10:24:09,2020-11-14 10:17:56,98992,37616960,98992,380,25,,https://sra-downloadb.be-md.ncbi.nlm.nih.gov/sos3/sra-pub-zq-24/SRR013/13060/SRR13060061/SRR13060061.lite.1,SRX9508147,M00175:A24.2.30_16S,AMPLICON,PCR,METAGENOMIC,PAIRED,0,0,ILLUMINA,Illumina MiSeq,SRP292558,PRJNA674880,,674880,SRS7716685,SAMN16679285,simple,408170,human gut metagenome,A24.2.30_16S,,,,,,,no,,,,,WASHINGTON UNIVERSITY IN ST. LOUIS,SRA1155924,,public,1FD8FDD4F0E81AF0AC06F1FD460AF3D7,D83F8D7D8771B0D4576A2D9A119AAA72
SRR13060060,2020-11-14 10:24:10,2020-11-14 10:17:41,33532,12742160,33532,380,8,,https://sra-downloadb.be-md.ncbi.nlm.nih.gov/sos2/sra-pub-zq-18/SRR013/13060/SRR13060060/SRR13060060.lite.1,SRX9508148,M00175:A24.2.60_16S,AMPLICON,PCR,METAGENOMIC,PAIRED,0,0,ILLUMINA,Illumina MiSeq,SRP292558,PRJNA674880,,674880,SRS7716686,SAMN16679286,simple,408170,human gut metagenome,A24.2.60_16S,,,,,,,no,,,,,WASHINGTON UNIVERSITY IN ST. LOUIS,SRA1155924,,public,9C5DF838F937DAACCF9B63B9FF37D809,82BB2DFD815E006313754045255E86A7
SRR13060067,2020-11-14 10:24:09,2020-11-14 10:17:51,39605,15049900,39605,380,10,,https://sra-downloadb.be-md.ncbi.nlm.nih.gov/sos3/sra-pub-zq-22/SRR013/13060/SRR13060067/SRR13060067.lite.1,SRX9508141,M00175:A24.1.0_16S,AMPLICON,PCR,METAGENOMIC,PAIRED,0,0,ILLUMINA,Illumina MiSeq,SRP292558,PRJNA674880,,674880,SRS7716679,SAMN16679281,simple,408170,human gut metagenome,A24.1.0_16S,,,,,,,no,,,,,WASHINGTON UNIVERSITY IN ST. LOUIS,SRA1155924,,public,A8FCE453FD079F94C30AD3C980F440DD,7ABFFA1F74D3931E53DDB482B06AEC07
SRR13060066,2020-11-14 10:24:09,2020-11-14 10:17:49,34625,13157500,34625,380,9,,https://sra-downloadb.be-md.ncbi.nlm.nih.gov/sos2/sra-pub-zq-18/SRR013/13060/SRR13060066/SRR13060066.lite.1,SRX9508142,M00175:A24.1.7_16S,AMPLICON,PCR,METAGENOMIC,PAIRED,0,0,ILLUMINA,Illumina MiSeq,SRP292558,PRJNA674880,,674880,SRS7716680,SAMN16679282,simple,408170,human gut metagenome,A24.1.7_16S,,,,,,,no,,,,,WASHINGTON UNIVERSITY IN ST. LOUIS,SRA1155924,,public,EC3F4BB8A38140714EB8FC48FF303EF0,287193A1E6C2A4A06F68517280944A60
SRR13060065,2020-11-14 10:24:09,2020-11-14 10:17:47,31957,12143660,31957,380,8,,https://sra-downloadb.be-md.ncbi.nlm.nih.gov/sos2/sra-pub-zq-18/SRR013/13060/SRR13060065/SRR13060065.lite.1,SRX9508143,M00175:A24.2.0_16S,AMPLICON,PCR,METAGENOMIC,PAIRED,0,0,ILLUMINA,Illumina MiSeq,SRP292558,PRJNA674880,,674880,SRS7716681,SAMN16679283,simple,408170,human gut metagenome,A24.2.0_16S,,,,,,,no,,,,,WASHINGTON UNIVERSITY IN ST. LOUIS,SRA1155924,,public,8688457B7D43291B2966A44590D7EC31,14EBBD93BFC7776275F1A1AF47A243AA
SRR13060064,2020-11-14 10:24:09,2020-11-14 10:20:27,5231197,1425297514,5231197,272,559,,https://sra-downloadb.be-md.ncbi.nlm.nih.gov/sos3/sra-pub-zq-24/SRR013/13060/SRR13060064/SRR13060064.lite.1,SRX9508144,NS500153:1.2.DS_wgs,WGS,RANDOM,METAGENOMIC,PAIRED,0,0,ILLUMINA,Illumina HiSeq 2000,SRP292558,PRJNA674880,,674880,SRS7716682,SAMN16678986,simple,408170,human gut metagenome,1.2.DS_wgs,,,,,,,no,,,,,WASHINGTON UNIVERSITY IN ST. LOUIS,SRA1155924,,public,E8F0B526A3AB9C6A85C473056A5CF822,1B1B35326A11985CB7A082C271CEE6E8
SRR13060063,2020-11-14 10:24:09,2020-11-14 10:18:54,2111558,576617673,2111558,273,228,,https://sra-downloadb.be-md.ncbi.nlm.nih.gov/sos3/sra-pub-zq-24/SRR013/13060/SRR13060063/SRR13060063.lite.1,SRX9508145,NS500153:4.14.DP_wgs,WGS,RANDOM,METAGENOMIC,PAIRED,0,0,ILLUMINA,Illumina HiSeq 2000,SRP292558,PRJNA674880,,674880,SRS7716683,SAMN16679013,simple,408170,human gut metagenome,4.14.DP_wgs,,,,,,,no,,,,,WASHINGTON UNIVERSITY IN ST. LOUIS,SRA1155924,,public,DBD9C801A04A1F25BB070D3B6F25825A,55210B1B95E77A0237E07AC4DD17A355
SRR13060072,2020-11-14 10:24:09,2020-11-14 10:17:59,48546,18447480,48546,380,12,,https://sra-downloadb.be-md.ncbi.nlm.nih.gov/sos3/sra-pub-zq-24/SRR013/13060/SRR13060072/SRR13060072.lite.1,SRX9508136,M00175:A2.2.7_16S,AMPLICON,PCR,METAGENOMIC,PAIRED,0,0,ILLUMINA,Illumina MiSeq,SRP292558,PRJNA674880,,674880,SRS7716674,SAMN16679276,simple,408170,human gut metagenome,A2.2.7_16S,,,,,,,no,,,,,WASHINGTON UNIVERSITY IN ST. LOUIS,SRA1155924,,public,FDB27EB594EC32C274D8FB588ADFD66D,0A8B1593287446452335F6FB1A6AA32B
SRR13060071,2020-11-14 10:24:09,2020-11-14 10:17:58,29976,11390880,29976,380,7,,https://sra-downloadb.be-md.ncbi.nlm.nih.gov/sos2/sra-pub-zq-18/SRR013/13060/SRR13060071/SRR13060071.lite.1,SRX9508137,M00175:A23.1.0_16S,AMPLICON,PCR,METAGENOMIC,PAIRED,0,0,ILLUMINA,Illumina MiSeq,SRP292558,PRJNA674880,,674880,SRS7716675,SAMN16679277,simple,408170,human gut metagenome,A23.1.0_16S,,,,,,,no,,,,,WASHINGTON UNIVERSITY IN ST. LOUIS,SRA1155924,,public,DC90A0451E2815E949549B8EAAF460FE,ADD755269973B150898A43640C9947B0
SRR13060070,2020-11-14 10:24:09,2020-11-14 10:17:56,43272,16443360,43272,380,11,,https://sra-downloadb.be-md.ncbi.nlm.nih.gov/sos3/sra-pub-zq-24/SRR013/13060/SRR13060070/SRR13060070.lite.1,SRX9508138,M00175:A23.1.30_16S,AMPLICON,PCR,METAGENOMIC,PAIRED,0,0,ILLUMINA,Illumina MiSeq,SRP292558,PRJNA674880,,674880,SRS7716676,SAMN16679278,simple,408170,human gut metagenome,A23.1.30_16S,,,,,,,no,,,,,WASHINGTON UNIVERSITY IN ST. LOUIS,SRA1155924,,public,4A79B40E0003F590951731F64E25B263,947225B6A20085EC2CD7EFA95B58C748
SRR13060069,2020-11-14 10:24:09,2020-11-14 10:18:02,45256,17197280,45256,380,11,,https://sra-downloadb.be-md.ncbi.nlm.nih.gov/sos3/sra-pub-zq-24/SRR013/13060/SRR13060069/SRR13060069.lite.1,SRX9508139,M00175:A23.1.60_16S,AMPLICON,PCR,METAGENOMIC,PAIRED,0,0,ILLUMINA,Illumina MiSeq,SRP292558,PRJNA674880,,674880,SRS7716677,SAMN16679279,simple,408170,human gut metagenome,A23.1.60_16S,,,,,,,no,,,,,WASHINGTON UNIVERSITY IN ST. LOUIS,SRA1155924,,public,AB9626D022428CE5EB991F436D119649,F0C34EE279444C437274E5E4A69857A3
SRR13060068,2020-11-14 10:24:09,2020-11-14 10:17:53,38854,14764520,38854,380,10,,https://sra-downloadb.be-md.ncbi.nlm.nih.gov/sos3/sra-pub-zq-24/SRR013/13060/SRR13060068/SRR13060068.lite.1,SRX9508140,M00175:A23.1.7_16S,AMPLICON,PCR,METAGENOMIC,PAIRED,0,0,ILLUMINA,Illumina MiSeq,SRP292558,PRJNA674880,,674880,SRS7716678,SAMN16679280,simple,408170,human gut metagenome,A23.1.7_16S,,,,,,,no,,,,,WASHINGTON UNIVERSITY IN ST. LOUIS,SRA1155924,,public,E48CA2D15C9AEC894A52CF3428652B49,97C81F74B5DD8F6C26D7B6B11E3EAB8A
SRR13060075,2020-11-14 10:24:09,2020-11-14 10:18:49,1714201,467383538,1714201,272,185,,https://sra-downloadb.be-md.ncbi.nlm.nih.gov/sos3/sra-pub-zq-22/SRR013/13060/SRR13060075/SRR13060075.lite.1,SRX9508133,NS500153:4.13.DS_wgs,WGS,RANDOM,METAGENOMIC,PAIRED,0,0,ILLUMINA,Illumina HiSeq 2000,SRP292558,PRJNA674880,,674880,SRS7716671,SAMN16679012,simple,408170,human gut metagenome,4.13.DS_wgs,,,,,,,no,,,,,WASHINGTON UNIVERSITY IN ST. LOUIS,SRA1155924,,public,24AC55FE04194A242C722A455CE392C2,1365E41804CD74779155BCD0103AFAE7
SRR13060074,2020-11-14 10:24:09,2020-11-14 10:17:59,49756,18907280,49756,380,12,,https://sra-downloadb.be-md.ncbi.nlm.nih.gov/sos3/sra-pub-zq-24/SRR013/13060/SRR13060074/SRR13060074.lite.1,SRX9508134,M00175:A2.1.7_16S,AMPLICON,PCR,METAGENOMIC,PAIRED,0,0,ILLUMINA,Illumina MiSeq,SRP292558,PRJNA674880,,674880,SRS7716672,SAMN16679274,simple,408170,human gut metagenome,A2.1.7_16S,,,,,,,no,,,,,WASHINGTON UNIVERSITY IN ST. LOUIS,SRA1155924,,public,EC3EE8CA869658C25546F5FDA0750BA2,DDDA8770171CBE0DE707D4EBAC2CC235
SRR13060073,2020-11-14 10:24:09,2020-11-14 10:18:02,44602,16948760,44602,380,11,,https://sra-downloadb.be-md.ncbi.nlm.nih.gov/sos3/sra-pub-zq-24/SRR013/13060/SRR13060073/SRR13060073.lite.1,SRX9508135,M00175:A2.2.60_16S,AMPLICON,PCR,METAGENOMIC,PAIRED,0,0,ILLUMINA,Illumina MiSeq,SRP292558,PRJNA674880,,674880,SRS7716673,SAMN16679275,simple,408170,human gut metagenome,A2.2.60_16S,,,,,,,no,,,,,WASHINGTON UNIVERSITY IN ST. LOUIS,SRA1155924,,public,73674738844F4B90725D85F61155D8A5,0BA348BD424ABB2E244CBB99260E2C0B
SRR13060077,2020-11-14 10:24:09,2020-11-14 10:17:58,31840,12099200,31840,380,8,,https://sra-downloadb.be-md.ncbi.nlm.nih.gov/sos2/sra-pub-zq-18/SRR013/13060/SRR13060077/SRR13060077.lite.1,SRX9508131,M00175:A21.1.7_16S,AMPLICON,PCR,METAGENOMIC,PAIRED,0,0,ILLUMINA,Illumina MiSeq,SRP292558,PRJNA674880,,674880,SRS7716669,SAMN16679272,simple,408170,human gut metagenome,A21.1.7_16S,,,,,,,no,,,,,WASHINGTON UNIVERSITY IN ST. LOUIS,SRA1155924,,public,4837060AD1FE496967117B092CA9F170,F07A0149B0E6C07EBF9BF49008AA70AE
SRR13060076,2020-11-14 10:24:09,2020-11-14 10:17:56,40630,15439400,40630,380,10,,https://sra-downloadb.be-md.ncbi.nlm.nih.gov/sos3/sra-pub-zq-22/SRR013/13060/SRR13060076/SRR13060076.lite.1,SRX9508132,M00175:A21.1.90_16S,AMPLICON,PCR,METAGENOMIC,PAIRED,0,0,ILLUMINA,Illumina MiSeq,SRP292558,PRJNA674880,,674880,SRS7716670,SAMN16679273,simple,408170,human gut metagenome,A21.1.90_16S,,,,,,,no,,,,,WASHINGTON UNIVERSITY IN ST. LOUIS,SRA1155924,,public,490CF5B14AB8E3569A592C5886362271,EF9AD9939D008A1DCEB969BBE5862B03
SRR13060079,2020-11-14 10:24:09,2020-11-14 10:17:58,44550,16929000,44550,380,11,,https://sra-downloadb.be-md.ncbi.nlm.nih.gov/sos3/sra-pub-zq-24/SRR013/13060/SRR13060079/SRR13060079.lite.1,SRX9508129,M00175:A21.1.30_16S,AMPLICON,PCR,METAGENOMIC,PAIRED,0,0,ILLUMINA,Illumina MiSeq,SRP292558,PRJNA674880,,674880,SRS7716667,SAMN16679270,simple,408170,human gut metagenome,A21.1.30_16S,,,,,,,no,,,,,WASHINGTON UNIVERSITY IN ST. LOUIS,SRA1155924,,public,D953A99F8E0632437CE26E5843180A3F,172D61B0FC58099CD95F8656FDADEA97
SRR13060078,2020-11-14 10:24:09,2020-11-14 10:18:02,49304,18735520,49304,380,12,,https://sra-downloadb.be-md.ncbi.nlm.nih.gov/sos3/sra-pub-zq-24/SRR013/13060/SRR13060078/SRR13060078.lite.1,SRX9508130,M00175:A21.1.60_16S,AMPLICON,PCR,METAGENOMIC,PAIRED,0,0,ILLUMINA,Illumina MiSeq,SRP292558,PRJNA674880,,674880,SRS7716668,SAMN16679271,simple,408170,human gut metagenome,A21.1.60_16S,,,,,,,no,,,,,WASHINGTON UNIVERSITY IN ST. LOUIS,SRA1155924,,public,A7FB136392D8A0BF64151A114F7306AC,A193743FDC6A085C4A86815898A81774
